,manufactory,year,selling_price,fuel,seller_type,mileage
24,Tata,2018,500000,Petrol,Individual,20.3 kmpl
29,Maruti,2018,254999,Petrol,Individual,16.8 kmpl
33,Hyundai,2018,730000,Petrol,Individual,18.6 kmpl
35,Maruti,2019,330000,Other,Individual,33.44 km/kg
36,Maruti,2019,366000,Petrol,Individual,23.95 kmpl
37,Hyundai,2019,1149000,Petrol,Individual,17.0 kmpl
41,Jeep,2019,2100000,Petrol,Individual,16.0 kmpl
42,Honda,2018,925000,Petrol,Dealer,17.8 kmpl
44,Maruti,2018,675000,Petrol,Dealer,18.5 kmpl
45,Maruti,2018,819999,Diesel,Dealer,24.3 kmpl
46,Maruti,2018,390000,Petrol,Dealer,23.95 kmpl
53,Maruti,2018,850000,Petrol,Dealer,20.65 kmpl
58,Toyota,2018,1590000,Petrol,Dealer,14.28 kmpl
67,Maruti,2019,650000,Petrol,Individual,21.4 kmpl
70,Maruti,2018,448000,Petrol,Individual,20.51 kmpl
73,Maruti,2019,1025000,Diesel,Individual,24.3 kmpl
103,Maruti,2019,615000,Petrol,Individual,21.21 kmpl
105,Maruti,2018,610000,Petrol,Individual,21.4 kmpl
107,Ford,2020,400000,Petrol,Individual,19.0 kmpl
111,Mahindra,2019,1700000,Diesel,Individual,15.1 kmpl
116,Maruti,2020,475000,Petrol,Individual,21.63 kmpl
125,Renault,2018,350000,Petrol,Individual,23.01 kmpl
131,Honda,2019,690000,Petrol,Dealer,17.8 kmpl
132,Audi,2018,3975000,Diesel,Dealer,17.01 kmpl
133,Lexus,2019,5150000,Petrol,Dealer,22.37 kmpl
136,Land,2019,4500000,Diesel,Dealer,12.83 kmpl
138,BMW,2018,3790000,Diesel,Dealer,22.48 kmpl
140,BMW,2019,5800000,Diesel,Dealer,16.78 kmpl
141,Skoda,2018,1864999,Petrol,Dealer,14.67 kmpl
143,MG,2019,1750000,Petrol,Dealer,13.96 kmpl
146,Volvo,2018,3400000,Diesel,Dealer,18.0 kmpl
153,Tata,2018,811000,Petrol,Dealer,17.0 kmpl
157,Mercedes-Benz,2018,2550000,Petrol,Dealer,15.04 kmpl
161,Toyota,2019,894999,Petrol,Dealer,19.56 kmpl
165,Tata,2018,1025000,Diesel,Dealer,21.5 kmpl
173,Ford,2018,575000,Petrol,Individual,18.16 kmpl
181,Volkswagen,2019,480000,Petrol,Individual,19.44 kmpl
197,Hyundai,2020,720000,Petrol,Individual,18.6 kmpl
199,Tata,2019,520000,Petrol,Individual,20.3 kmpl
208,Maruti,2018,420000,Petrol,Individual,20.51 kmpl
210,Maruti,2018,270000,Petrol,Individual,24.7 kmpl
211,Maruti,2018,700000,Petrol,Individual,22.0 kmpl
213,Tata,2019,1250000,Diesel,Individual,17.6 kmpl
215,Maruti,2018,700000,Diesel,Individual,28.4 kmpl
219,Maruti,2018,830000,Petrol,Individual,21.4 kmpl
222,Renault,2018,335000,Petrol,Individual,25.17 kmpl
225,Hyundai,2020,524000,Petrol,Individual,20.14 kmpl
228,Tata,2018,520000,Petrol,Individual,17.57 kmpl
231,Ford,2018,910000,Petrol,Individual,17.0 kmpl
247,Honda,2019,680000,Petrol,Individual,19.0 kmpl
259,Mahindra,2019,1300000,Diesel,Individual,17.3 kmpl
269,Hyundai,2019,610000,Petrol,Individual,18.6 kmpl
275,Datsun,2019,300000,Petrol,Individual,19.02 kmpl
289,Mercedes-Benz,2018,4600000,Diesel,Individual,17.9 kmpl
301,Maruti,2019,675000,Petrol,Individual,21.01 kmpl
310,Tata,2018,645000,Petrol,Individual,20.3 kmpl
321,Hyundai,2018,1210000,Diesel,Individual,21.38 kmpl
323,Hyundai,2018,520000,Diesel,Individual,24.0 kmpl
346,Mahindra,2019,1090000,Petrol,Dealer,17.0 kmpl
348,Maruti,2018,610000,Petrol,Dealer,22.0 kmpl
351,Toyota,2018,3000000,Diesel,Individual,14.24 kmpl
352,Renault,2018,390000,Petrol,Dealer,20.71 kmpl
354,Volkswagen,2019,640000,Petrol,Dealer,17.0 kmpl
372,Lexus,2019,5150000,Petrol,Dealer,22.37 kmpl
375,Volvo,2019,3800000,Diesel,Individual,18.0 kmpl
378,Maruti,2018,740000,Diesel,Dealer,27.39 kmpl
381,Maruti,2019,650000,Petrol,Trustmark Dealer,22.0 kmpl
383,Maruti,2018,600000,Petrol,Dealer,22.0 kmpl
385,BMW,2019,5400000,Diesel,Dealer,16.78 kmpl
386,BMW,2019,5500000,Diesel,Dealer,16.78 kmpl
387,Honda,2019,779000,Petrol,Trustmark Dealer,19.0 kmpl
389,Volvo,2018,2475000,Diesel,Dealer,16.8 kmpl
400,Honda,2018,1085000,Petrol,Individual,18.0 kmpl
403,Maruti,2020,409999,Other,Individual,20.88 km/kg
408,Tata,2018,325000,Petrol,Individual,23.84 kmpl
411,Lexus,2019,5150000,Petrol,Dealer,22.37 kmpl
414,Volvo,2019,3800000,Diesel,Individual,18.0 kmpl
417,Maruti,2018,740000,Diesel,Dealer,27.39 kmpl
420,Maruti,2019,650000,Petrol,Trustmark Dealer,22.0 kmpl
422,Maruti,2018,600000,Petrol,Dealer,22.0 kmpl
424,BMW,2019,5400000,Diesel,Dealer,16.78 kmpl
425,BMW,2019,5500000,Diesel,Dealer,16.78 kmpl
426,Honda,2019,779000,Petrol,Trustmark Dealer,19.0 kmpl
428,Volvo,2018,2475000,Diesel,Dealer,16.8 kmpl
429,Honda,2019,700000,Diesel,Individual,23.8 kmpl
452,Maruti,2019,675000,Petrol,Individual,21.21 kmpl
453,Tata,2018,1525000,Diesel,Individual,17.6 kmpl
454,Ford,2018,950000,Diesel,Individual,23.0 kmpl
457,Honda,2019,700000,Diesel,Individual,23.8 kmpl
461,Datsun,2020,350000,Petrol,Individual,22.5 kmpl
466,Renault,2018,1050000,Diesel,Dealer,19.6 kmpl
488,Mahindra,2020,480000,Diesel,Individual,25.32 kmpl
489,Kia,2019,643000,Diesel,Individual,20.8 kmpl
490,Hyundai,2018,500000,Petrol,Individual,20.14 kmpl
499,Maruti,2019,700000,Diesel,Individual,28.4 kmpl
511,Maruti,2018,755000,Diesel,Individual,28.4 kmpl
527,Jeep,2018,1600000,Diesel,Individual,17.1 kmpl
531,Hyundai,2018,801000,Petrol,Individual,18.6 kmpl
553,Maruti,2018,750000,Diesel,Individual,24.3 kmpl
554,Hyundai,2018,570000,Petrol,Individual,18.6 kmpl
555,Hyundai,2018,580000,Petrol,Individual,18.9 kmpl
560,Ford,2018,550000,Petrol,Individual,18.16 kmpl
562,Datsun,2018,217000,Petrol,Individual,22.7 kmpl
563,Ford,2018,700000,Petrol,Individual,19.0 kmpl
564,Hyundai,2019,466000,Petrol,Individual,20.3 kmpl
566,Nissan,2018,670000,Diesel,Individual,22.71 kmpl
567,Hyundai,2018,500000,Petrol,Individual,18.9 kmpl
584,Maruti,2020,730000,Petrol,Individual,21.21 kmpl
603,Hyundai,2018,580000,Petrol,Individual,18.9 kmpl
615,Tata,2019,550000,Petrol,Individual,24.0 kmpl
625,Hyundai,2019,750000,Diesel,Individual,24.0 kmpl
634,Maruti,2019,360000,Petrol,Individual,23.95 kmpl
648,Lexus,2019,5150000,Petrol,Dealer,22.37 kmpl
651,Volvo,2019,3800000,Diesel,Individual,18.0 kmpl
654,Maruti,2018,740000,Diesel,Dealer,27.39 kmpl
657,Maruti,2019,650000,Petrol,Trustmark Dealer,22.0 kmpl
659,Maruti,2018,600000,Petrol,Dealer,22.0 kmpl
661,BMW,2019,5400000,Diesel,Dealer,16.78 kmpl
662,BMW,2019,5500000,Diesel,Dealer,16.78 kmpl
663,Honda,2019,779000,Petrol,Trustmark Dealer,19.0 kmpl
665,Volvo,2018,2475000,Diesel,Dealer,16.8 kmpl
673,Maruti,2018,950000,Diesel,Individual,25.1 kmpl
677,Mahindra,2018,535000,Petrol,Individual,18.15 kmpl
678,Maruti,2018,455000,Petrol,Individual,19.0 kmpl
679,Maruti,2019,655000,Petrol,Individual,21.21 kmpl
680,Ford,2019,800000,Diesel,Individual,23.0 kmpl
681,Toyota,2018,1100000,Petrol,Individual,17.8 kmpl
684,Mahindra,2018,340000,Petrol,Individual,18.15 kmpl
714,Hyundai,2019,600000,Petrol,Individual,18.6 kmpl
715,Mahindra,2019,875000,Diesel,Individual,18.49 kmpl
732,Hyundai,2018,500000,Petrol,Individual,20.14 kmpl
733,Ford,2019,700000,Petrol,Individual,19.0 kmpl
738,Hyundai,2018,531000,Petrol,Individual,18.9 kmpl
747,Hyundai,2018,450000,Petrol,Individual,18.9 kmpl
750,Maruti,2020,390000,Petrol,Individual,23.95 kmpl
764,Hyundai,2019,600000,Petrol,Individual,18.9 kmpl
780,Ford,2019,681000,Petrol,Individual,19.0 kmpl
790,Ford,2019,720000,Petrol,Individual,19.0 kmpl
799,Renault,2018,400000,Petrol,Individual,23.01 kmpl
806,Tata,2019,550000,Petrol,Individual,20.3 kmpl
809,Honda,2019,800000,Diesel,Individual,27.4 kmpl
844,Hyundai,2019,550000,Petrol,Individual,18.9 kmpl
859,Maruti,2018,220000,Petrol,Individual,16.8 kmpl
881,Renault,2019,580000,Petrol,Individual,20.0 kmpl
900,Hyundai,2019,750000,Petrol,Individual,18.6 kmpl
908,Hyundai,2018,580000,Petrol,Individual,18.9 kmpl
914,Hyundai,2018,710000,Diesel,Individual,24.0 kmpl
920,Maruti,2020,370000,Petrol,Individual,22.05 kmpl
921,Renault,2018,340000,Petrol,Individual,25.17 kmpl
922,Maruti,2019,1040000,Petrol,Individual,19.01 kmpl
923,Hyundai,2018,750000,Diesel,Individual,21.19 kmpl
924,Mahindra,2018,600000,Diesel,Individual,18.49 kmpl
929,Hyundai,2019,450000,Petrol,Individual,20.3 kmpl
944,Hyundai,2019,1000000,Diesel,Individual,22.1 kmpl
952,Maruti,2019,675000,Petrol,Individual,21.21 kmpl
954,Renault,2019,675000,Petrol,Individual,20.0 kmpl
965,Maruti,2019,675000,Petrol,Individual,21.4 kmpl
970,Toyota,2018,1745000,Diesel,Individual,11.36 kmpl
987,Maruti,2018,811000,Diesel,Individual,28.4 kmpl
988,Hyundai,2018,1100000,Petrol,Individual,17.0 kmpl
1002,Maruti,2018,950000,Diesel,Individual,25.1 kmpl
1006,Tata,2019,900000,Diesel,Dealer,24.7 kmpl
1017,Hyundai,2019,1100000,Petrol,Individual,17.0 kmpl
1020,Tata,2018,950000,Diesel,Individual,21.5 kmpl
1035,Maruti,2019,757000,Diesel,Individual,28.4 kmpl
1042,Mahindra,2018,650000,Petrol,Individual,18.15 kmpl
1046,Maruti,2019,600000,Petrol,Individual,21.21 kmpl
1047,Renault,2019,290000,Petrol,Individual,25.17 kmpl
1053,Ford,2018,793000,Diesel,Individual,25.83 kmpl
1058,Maruti,2018,795000,Petrol,Dealer,21.21 kmpl
1063,Toyota,2018,1400000,Petrol,Dealer,14.28 kmpl
1066,Toyota,2019,1925000,Diesel,Dealer,11.36 kmpl
1067,Kia,2020,1900000,Diesel,Dealer,17.8 kmpl
1070,Maruti,2018,750000,Petrol,Dealer,22.0 kmpl
1071,BMW,2018,6000000,Diesel,Dealer,17.09 kmpl
1073,Toyota,2018,2940000,Diesel,Dealer,12.9 kmpl
1076,Hyundai,2018,890000,Petrol,Dealer,17.4 kmpl
1078,Lexus,2019,5150000,Petrol,Dealer,22.37 kmpl
1081,Volvo,2019,3800000,Diesel,Individual,18.0 kmpl
1084,Maruti,2018,740000,Diesel,Dealer,27.39 kmpl
1087,Maruti,2019,650000,Petrol,Trustmark Dealer,22.0 kmpl
1089,Maruti,2018,600000,Petrol,Dealer,22.0 kmpl
1091,BMW,2019,5400000,Diesel,Dealer,16.78 kmpl
1092,BMW,2019,5500000,Diesel,Dealer,16.78 kmpl
1093,Honda,2019,779000,Petrol,Trustmark Dealer,19.0 kmpl
1095,Volvo,2018,2475000,Diesel,Dealer,16.8 kmpl
1097,Lexus,2019,5150000,Petrol,Dealer,22.37 kmpl
1100,Volvo,2019,3800000,Diesel,Individual,18.0 kmpl
1103,Maruti,2018,740000,Diesel,Dealer,27.39 kmpl
1106,Maruti,2019,650000,Petrol,Trustmark Dealer,22.0 kmpl
1108,Maruti,2018,600000,Petrol,Dealer,22.0 kmpl
1110,BMW,2019,5400000,Diesel,Dealer,16.78 kmpl
1111,BMW,2019,5500000,Diesel,Dealer,16.78 kmpl
1112,Honda,2019,779000,Petrol,Trustmark Dealer,19.0 kmpl
1114,Volvo,2018,2475000,Diesel,Dealer,16.8 kmpl
1116,Lexus,2019,5150000,Petrol,Dealer,22.37 kmpl
1119,Volvo,2019,3800000,Diesel,Individual,18.0 kmpl
1122,Maruti,2018,740000,Diesel,Dealer,27.39 kmpl
1125,Maruti,2019,650000,Petrol,Trustmark Dealer,22.0 kmpl
1127,Maruti,2018,600000,Petrol,Dealer,22.0 kmpl
1129,BMW,2019,5400000,Diesel,Dealer,16.78 kmpl
1130,BMW,2019,5500000,Diesel,Dealer,16.78 kmpl
1131,Honda,2019,779000,Petrol,Trustmark Dealer,19.0 kmpl
1133,Volvo,2018,2475000,Diesel,Dealer,16.8 kmpl
1135,Lexus,2019,5150000,Petrol,Dealer,22.37 kmpl
1138,Volvo,2019,3800000,Diesel,Individual,18.0 kmpl
1141,Maruti,2018,740000,Diesel,Dealer,27.39 kmpl
1144,Maruti,2019,650000,Petrol,Trustmark Dealer,22.0 kmpl
1146,Maruti,2018,600000,Petrol,Dealer,22.0 kmpl
1148,BMW,2019,5400000,Diesel,Dealer,16.78 kmpl
1149,BMW,2019,5500000,Diesel,Dealer,16.78 kmpl
1150,Honda,2019,779000,Petrol,Trustmark Dealer,19.0 kmpl
1152,Volvo,2018,2475000,Diesel,Dealer,16.8 kmpl
1155,Hyundai,2018,550000,Diesel,Individual,24.0 kmpl
1159,Hyundai,2019,700000,Diesel,Individual,25.4 kmpl
1166,Maruti,2018,770000,Diesel,Individual,24.3 kmpl
1171,Hyundai,2018,650000,Petrol,Individual,18.6 kmpl
1199,Hyundai,2018,530000,Diesel,Individual,25.4 kmpl
1203,Tata,2018,560000,Petrol,Individual,23.84 kmpl
1224,Renault,2019,395000,Petrol,Individual,25.17 kmpl
1226,Maruti,2019,450000,Other,Individual,21.94 km/kg
1234,Maruti,2018,1000000,Diesel,Individual,28.09 kmpl
1241,Hyundai,2019,720000,Petrol,Individual,17.4 kmpl
1243,Hyundai,2019,570000,Petrol,Individual,20.14 kmpl
1251,Maruti,2018,833000,Diesel,Individual,24.3 kmpl
1271,Maruti,2019,480000,Petrol,Individual,20.52 kmpl
1273,Hyundai,2018,700000,Petrol,Individual,18.6 kmpl
1281,Maruti,2018,1030000,Diesel,Individual,25.1 kmpl
1284,Hyundai,2018,800000,Diesel,Individual,21.19 kmpl
1301,Maruti,2019,610000,Petrol,Individual,21.21 kmpl
1314,Ford,2018,950000,Diesel,Individual,23.0 kmpl
1321,Hyundai,2019,700000,Diesel,Individual,24.0 kmpl
1328,Maruti,2019,585000,Petrol,Individual,21.21 kmpl
1329,Mahindra,2018,500000,Diesel,Individual,23.5 kmpl
1330,Maruti,2019,360000,Petrol,Individual,23.95 kmpl
1336,Mahindra,2018,1200000,Diesel,Individual,17.3 kmpl
1347,Hyundai,2018,570000,Diesel,Individual,25.4 kmpl
1352,Maruti,2019,450000,Other,Individual,21.94 km/kg
1362,Toyota,2018,1576000,Diesel,Individual,13.68 kmpl
1367,Honda,2018,680000,Petrol,Dealer,18.7 kmpl
1374,Tata,2019,490000,Petrol,Dealer,23.84 kmpl
1375,Mahindra,2018,775000,Diesel,Dealer,18.49 kmpl
1387,Hyundai,2019,434999,Petrol,Dealer,20.3 kmpl
1399,Toyota,2020,1560000,Diesel,Dealer,13.68 kmpl
1402,Mahindra,2018,660000,Diesel,Dealer,21.0 kmpl
1432,Hyundai,2019,850000,Diesel,Individual,22.54 kmpl
1445,Maruti,2018,480000,Petrol,Dealer,20.89 kmpl
1447,Maruti,2018,770000,Diesel,Individual,24.3 kmpl
1449,Hyundai,2018,700000,Petrol,Individual,18.6 kmpl
1462,Mahindra,2020,830000,Diesel,Individual,15.1 kmpl
1481,Tata,2019,550000,Petrol,Individual,23.84 kmpl
1486,Hyundai,2018,850000,Diesel,Individual,22.54 kmpl
1503,Maruti,2018,650000,Diesel,Individual,28.4 kmpl
1504,Maruti,2018,400000,Petrol,Individual,20.51 kmpl
1516,Maruti,2018,625000,Petrol,Individual,21.4 kmpl
1530,Ford,2018,3250000,Diesel,Individual,10.91 kmpl
1531,Honda,2019,700000,Petrol,Individual,19.5 kmpl
1540,Toyota,2018,2900000,Diesel,Individual,12.9 kmpl
1545,Maruti,2019,700000,Petrol,Individual,22.0 kmpl
1549,Tata,2019,525000,Petrol,Individual,23.84 kmpl
1551,Maruti,2020,630000,Petrol,Individual,21.01 kmpl
1552,Datsun,2019,270000,Petrol,Individual,22.7 kmpl
1559,Tata,2018,740000,Petrol,Individual,17.0 kmpl
1560,Honda,2019,690000,Petrol,Dealer,17.8 kmpl
1561,Audi,2018,3975000,Diesel,Dealer,17.01 kmpl
1562,Lexus,2019,5150000,Petrol,Dealer,22.37 kmpl
1565,Toyota,2018,1000000,Petrol,Trustmark Dealer,17.1 kmpl
1566,Toyota,2018,1000000,Petrol,Trustmark Dealer,17.1 kmpl
1567,Hyundai,2019,550000,Petrol,Trustmark Dealer,20.7 kmpl
1570,Nissan,2019,950000,Petrol,Trustmark Dealer,14.23 kmpl
1574,Maruti,2018,925000,Diesel,Trustmark Dealer,28.09 kmpl
1581,Hyundai,2018,590000,Petrol,Individual,18.9 kmpl
1584,Maruti,2018,575000,Petrol,Individual,21.4 kmpl
1586,Tata,2018,1575000,Diesel,Individual,17.6 kmpl
1590,Tata,2018,1575000,Diesel,Individual,17.6 kmpl
1593,Mahindra,2018,1200000,Diesel,Individual,17.3 kmpl
1594,Renault,2018,350000,Petrol,Individual,23.01 kmpl
1597,Tata,2018,700000,Diesel,Individual,21.5 kmpl
1610,Ford,2018,700000,Petrol,Individual,19.0 kmpl
1611,Maruti,2018,900000,Petrol,Individual,19.34 kmpl
1621,Hyundai,2018,480000,Petrol,Individual,20.14 kmpl
1637,Mahindra,2018,1465000,Diesel,Individual,16.36 kmpl
1642,Maruti,2018,560000,Petrol,Individual,21.4 kmpl
1653,Hyundai,2020,675000,Petrol,Individual,20.7 kmpl
1665,Tata,2018,450000,Petrol,Individual,23.84 kmpl
1678,Toyota,2018,1080000,Petrol,Individual,17.8 kmpl
1684,Volkswagen,2018,678000,Petrol,Individual,18.78 kmpl
1690,Mahindra,2019,1460000,Diesel,Individual,17.3 kmpl
1692,Datsun,2018,430000,Petrol,Individual,20.63 kmpl
1697,Maruti,2019,525000,Petrol,Individual,20.89 kmpl
1699,Maruti,2019,500000,Petrol,Individual,21.21 kmpl
1711,Lexus,2019,5150000,Petrol,Dealer,22.37 kmpl
1714,Volvo,2019,3800000,Diesel,Individual,18.0 kmpl
1717,Maruti,2018,740000,Diesel,Dealer,27.39 kmpl
1720,Maruti,2019,650000,Petrol,Trustmark Dealer,22.0 kmpl
1723,Maruti,2018,600000,Petrol,Dealer,22.0 kmpl
1725,BMW,2019,5400000,Diesel,Dealer,16.78 kmpl
1726,BMW,2019,5500000,Diesel,Dealer,16.78 kmpl
1727,Honda,2019,779000,Petrol,Trustmark Dealer,19.0 kmpl
1729,Volvo,2018,2475000,Diesel,Dealer,16.8 kmpl
1738,Hyundai,2019,800000,Petrol,Individual,17.19 kmpl
1739,Tata,2018,1250000,Diesel,Individual,17.6 kmpl
1742,Tata,2019,650000,Diesel,Individual,22.95 kmpl
1763,Hyundai,2019,525000,Petrol,Individual,20.14 kmpl
1768,Hyundai,2019,590000,Petrol,Individual,20.14 kmpl
1769,Jeep,2018,1675000,Diesel,Individual,17.1 kmpl
1770,Ford,2019,800000,Petrol,Dealer,19.4 kmpl
1794,Maruti,2018,550000,Petrol,Individual,22.0 kmpl
1807,Hyundai,2019,650000,Petrol,Individual,18.6 kmpl
1823,Toyota,2018,3200000,Diesel,Individual,14.24 kmpl
1830,Volvo,2019,3800000,Diesel,Individual,18.0 kmpl
1832,Ford,2018,3250000,Diesel,Individual,10.91 kmpl
1834,Honda,2019,700000,Petrol,Individual,19.5 kmpl
1836,Toyota,2018,3200000,Diesel,Individual,15.04 kmpl
1837,Mahindra,2018,1400000,Diesel,Individual,16.0 kmpl
1844,Maruti,2018,260000,Petrol,Individual,16.8 kmpl
1845,Hyundai,2018,1050000,Diesel,Individual,21.38 kmpl
1848,Hyundai,2018,700000,Petrol,Individual,18.6 kmpl
1853,Maruti,2019,409999,Petrol,Individual,15.37 kmpl
1858,Honda,2019,690000,Petrol,Dealer,17.8 kmpl
1859,Audi,2018,3975000,Diesel,Dealer,17.01 kmpl
1860,Lexus,2019,5150000,Petrol,Dealer,22.37 kmpl
1863,Toyota,2018,1000000,Petrol,Trustmark Dealer,17.1 kmpl
1864,Toyota,2018,1000000,Petrol,Trustmark Dealer,17.1 kmpl
1866,Maruti,2018,925000,Diesel,Trustmark Dealer,28.09 kmpl
1868,Maruti,2018,430000,Petrol,Trustmark Dealer,20.51 kmpl
1873,BMW,2019,5400000,Diesel,Dealer,16.78 kmpl
1874,BMW,2019,5500000,Diesel,Dealer,16.78 kmpl
1875,Honda,2019,779000,Petrol,Trustmark Dealer,19.0 kmpl
1876,Ford,2018,640000,Petrol,Dealer,15.9 kmpl
1878,Renault,2018,1250000,Diesel,Individual,19.6 kmpl
1883,Maruti,2018,1000000,Diesel,Individual,28.09 kmpl
1907,Renault,2018,409999,Petrol,Individual,23.01 kmpl
1914,Mahindra,2019,800000,Diesel,Individual,15.96 kmpl
1948,Hyundai,2018,444000,Petrol,Individual,21.1 kmpl
1959,Maruti,2018,650000,Diesel,Individual,28.4 kmpl
1976,Maruti,2018,475000,Petrol,Individual,21.63 kmpl
1978,Honda,2020,2125000,Diesel,Dealer,26.8 kmpl
1979,BMW,2018,3350000,Diesel,Dealer,19.62 kmpl
1980,Toyota,2018,1800000,Diesel,Dealer,11.36 kmpl
1981,Hyundai,2018,540000,Petrol,Dealer,20.3 kmpl
1982,Force,2018,910000,Diesel,Dealer,17.0 kmpl
1983,Maruti,2019,484999,Petrol,Dealer,21.63 kmpl
1984,Hyundai,2020,1950000,Diesel,Dealer,17.01 kmpl
1985,Maruti,2018,950000,Diesel,Dealer,24.3 kmpl
1987,Mahindra,2018,900000,Diesel,Dealer,16.55 kmpl
1989,MG,2020,1900000,Petrol,Dealer,13.96 kmpl
1990,Mercedes-Benz,2018,2950000,Diesel,Dealer,15.8 kmpl
1991,Mahindra,2019,1075000,Diesel,Dealer,17.3 kmpl
1994,Skoda,2019,2600000,Diesel,Dealer,19.3 kmpl
1996,Volkswagen,2019,635000,Petrol,Dealer,16.2 kmpl
2002,Renault,2018,330000,Petrol,Individual,23.01 kmpl
2003,Maruti,2019,395000,Petrol,Individual,15.37 kmpl
2014,Ford,2018,950000,Diesel,Dealer,22.77 kmpl
2020,Honda,2018,850000,Petrol,Individual,17.5 kmpl
2031,Maruti,2018,850000,Diesel,Individual,24.2 kmpl
2032,Tata,2018,250000,Diesel,Individual,25.0 kmpl
2033,Maruti,2020,420000,Petrol,Individual,21.63 kmpl
2042,Hyundai,2019,585000,Petrol,Individual,18.9 kmpl
2052,Maruti,2019,750000,Diesel,Individual,28.4 kmpl
2083,Renault,2018,395000,Petrol,Individual,25.17 kmpl
2085,Maruti,2019,500000,Petrol,Individual,20.89 kmpl
2106,Mahindra,2018,1530000,Diesel,Individual,16.0 kmpl
2111,Hyundai,2018,700000,Diesel,Individual,24.0 kmpl
2128,Maruti,2018,650000,Petrol,Individual,21.56 kmpl
2130,Hyundai,2018,700000,Petrol,Individual,18.6 kmpl
2132,Mahindra,2018,900000,Diesel,Individual,15.4 kmpl
2138,Honda,2018,600000,Petrol,Individual,19.5 kmpl
2139,Volkswagen,2018,565000,Petrol,Individual,18.78 kmpl
2156,Hyundai,2018,610000,Petrol,Individual,18.6 kmpl
2159,Maruti,2019,500000,Petrol,Individual,21.63 kmpl
2164,Maruti,2018,509999,Petrol,Individual,22.0 kmpl
2191,Hyundai,2018,950000,Petrol,Individual,17.0 kmpl
2203,Tata,2018,500000,Diesel,Individual,24.7 kmpl
2205,Hyundai,2018,325000,Petrol,Individual,21.1 kmpl
2206,Maruti,2018,550000,Petrol,Individual,21.4 kmpl
2207,Maruti,2018,720000,Petrol,Individual,20.73 kmpl
2210,Hyundai,2018,500000,Petrol,Individual,18.9 kmpl
2216,Tata,2018,790000,Diesel,Individual,21.5 kmpl
2220,Mahindra,2019,950000,Diesel,Individual,20.0 kmpl
2222,Hyundai,2018,700000,Petrol,Individual,18.6 kmpl
2226,Maruti,2020,580000,Petrol,Individual,23.26 kmpl
2229,Hyundai,2018,1350000,Petrol,Individual,14.8 kmpl
2231,Skoda,2019,725000,Petrol,Individual,15.41 kmpl
2248,Maruti,2018,550000,Petrol,Individual,22.0 kmpl
2274,Volkswagen,2018,600000,Petrol,Individual,16.2 kmpl
2283,Tata,2018,575000,Petrol,Individual,17.0 kmpl
2292,Mahindra,2018,750000,Diesel,Individual,16.5 kmpl
2295,Maruti,2019,577000,Petrol,Individual,20.89 kmpl
2298,Honda,2019,840000,Petrol,Individual,18.2 kmpl
2309,Maruti,2019,490000,Petrol,Individual,20.52 kmpl
2324,Maruti,2018,700000,Petrol,Individual,19.34 kmpl
2325,Maruti,2020,250000,Petrol,Individual,21.63 kmpl
2338,Hyundai,2018,946000,Diesel,Individual,22.1 kmpl
2351,Tata,2019,459999,Petrol,Individual,23.84 kmpl
2353,Maruti,2018,680000,Diesel,Individual,28.4 kmpl
2355,Maruti,2018,720000,Petrol,Individual,22.0 kmpl
2359,Ford,2019,725000,Diesel,Individual,24.4 kmpl
2368,Maruti,2019,610000,Petrol,Individual,21.21 kmpl
2370,Ford,2018,925000,Diesel,Dealer,22.77 kmpl
2371,Nissan,2019,860000,Petrol,Dealer,14.23 kmpl
2377,Ford,2018,650000,Diesel,Dealer,23.8 kmpl
2389,Maruti,2018,955000,Diesel,Individual,24.52 kmpl
2397,Mahindra,2018,1325000,Diesel,Individual,16.36 kmpl
2401,Ford,2018,530000,Diesel,Individual,26.1 kmpl
2414,Tata,2019,660000,Diesel,Individual,22.95 kmpl
2417,Hyundai,2018,740000,Petrol,Individual,18.6 kmpl
2420,Datsun,2019,390000,Petrol,Individual,22.5 kmpl
2427,Tata,2018,490000,Petrol,Individual,23.84 kmpl
2429,Tata,2018,390000,Petrol,Individual,23.84 kmpl
2437,Maruti,2019,630000,Petrol,Individual,21.21 kmpl
2443,Tata,2020,950000,Petrol,Individual,17.0 kmpl
2450,Tata,2019,1250000,Diesel,Individual,14.1 kmpl
2482,Hyundai,2018,555000,Petrol,Individual,18.6 kmpl
2502,Hyundai,2018,600000,Petrol,Individual,18.6 kmpl
2508,Maruti,2019,399000,Petrol,Individual,23.95 kmpl
2513,Maruti,2018,390000,Other,Individual,26.6 km/kg
2517,Renault,2018,380000,Petrol,Individual,23.01 kmpl
2525,Maruti,2019,362000,Other,Individual,21.94 km/kg
2527,Maruti,2018,459999,Other,Individual,26.6 km/kg
2529,Hyundai,2019,499000,Petrol,Individual,20.3 kmpl
2530,Maruti,2018,358000,Petrol,Individual,15.37 kmpl
2534,Honda,2019,1300000,Petrol,Individual,17.4 kmpl
2535,Honda,2018,825000,Diesel,Individual,25.8 kmpl
2538,Hyundai,2018,490000,Petrol,Individual,20.3 kmpl
2539,Mahindra,2018,1050000,Diesel,Individual,16.0 kmpl
2569,Renault,2019,380000,Petrol,Individual,25.17 kmpl
2570,Mahindra,2019,740000,Diesel,Individual,16.5 kmpl
2574,Maruti,2018,650000,Petrol,Individual,22.0 kmpl
2576,Maruti,2019,380000,Petrol,Individual,23.95 kmpl
2578,Hyundai,2019,1270000,Petrol,Individual,17.0 kmpl
2600,Volkswagen,2018,650000,Diesel,Individual,20.14 kmpl
2601,Honda,2018,1031000,Diesel,Individual,25.6 kmpl
2602,Hyundai,2018,330000,Petrol,Individual,20.3 kmpl
2603,Hyundai,2019,399000,Petrol,Individual,20.3 kmpl
2620,Mahindra,2019,1575000,Diesel,Individual,15.1 kmpl
2623,Toyota,2020,1500000,Petrol,Individual,10.75 kmpl
2625,Maruti,2018,550000,Petrol,Individual,21.4 kmpl
2628,Force,2018,1050000,Diesel,Individual,17.0 kmpl
2632,Lexus,2019,5150000,Petrol,Dealer,22.37 kmpl
2635,Volvo,2019,3800000,Diesel,Individual,18.0 kmpl
2638,Maruti,2018,740000,Diesel,Dealer,27.39 kmpl
2641,Maruti,2019,650000,Petrol,Trustmark Dealer,22.0 kmpl
2643,Maruti,2018,600000,Petrol,Dealer,22.0 kmpl
2645,BMW,2019,5400000,Diesel,Dealer,16.78 kmpl
2646,BMW,2019,5500000,Diesel,Dealer,16.78 kmpl
2647,Honda,2019,779000,Petrol,Trustmark Dealer,19.0 kmpl
2649,Volvo,2018,2475000,Diesel,Dealer,16.8 kmpl
2653,Maruti,2018,500000,Petrol,Individual,22.0 kmpl
2655,Renault,2018,340000,Petrol,Individual,25.17 kmpl
2656,Hyundai,2020,330000,Petrol,Individual,18.9 kmpl
2665,Lexus,2019,5150000,Petrol,Dealer,22.37 kmpl
2668,Volvo,2019,3800000,Diesel,Individual,18.0 kmpl
2671,Maruti,2018,740000,Diesel,Dealer,27.39 kmpl
2674,Maruti,2019,650000,Petrol,Trustmark Dealer,22.0 kmpl
2676,Maruti,2018,600000,Petrol,Dealer,22.0 kmpl
2678,BMW,2019,5400000,Diesel,Dealer,16.78 kmpl
2679,BMW,2019,5500000,Diesel,Dealer,16.78 kmpl
2680,Honda,2019,779000,Petrol,Trustmark Dealer,19.0 kmpl
2682,Volvo,2018,2475000,Diesel,Dealer,16.8 kmpl
2689,Hyundai,2019,1050000,Diesel,Individual,21.38 kmpl
2691,Maruti,2020,415000,Petrol,Individual,15.37 kmpl
2693,Maruti,2018,680000,Diesel,Individual,28.4 kmpl
2698,Maruti,2018,764000,Petrol,Individual,20.73 kmpl
2699,Mahindra,2019,710000,Diesel,Individual,15.96 kmpl
2718,Maruti,2019,760000,Petrol,Individual,21.01 kmpl
2719,Volkswagen,2019,570000,Petrol,Individual,18.78 kmpl
2721,Maruti,2018,700000,Petrol,Individual,21.4 kmpl
2750,Maruti,2020,550000,Petrol,Individual,23.26 kmpl
2752,Honda,2018,670000,Diesel,Individual,27.4 kmpl
2756,Maruti,2019,860000,Diesel,Individual,24.3 kmpl
2757,Maruti,2018,600000,Diesel,Individual,27.39 kmpl
2760,Maruti,2019,900000,Diesel,Individual,25.1 kmpl
2768,Maruti,2018,450000,Other,Individual,26.6 km/kg
2798,Hyundai,2018,520000,Petrol,Individual,18.9 kmpl
2811,Maruti,2018,200000,Petrol,Individual,16.8 kmpl
2813,Honda,2018,560000,Diesel,Individual,25.8 kmpl
2814,Maruti,2018,575000,Petrol,Individual,20.89 kmpl
2825,Maruti,2018,875000,Diesel,Dealer,24.3 kmpl
2828,BMW,2018,2850000,Diesel,Dealer,17.05 kmpl
2829,Audi,2018,2800000,Diesel,Dealer,15.73 kmpl
2830,BMW,2018,3900000,Diesel,Dealer,22.48 kmpl
2833,Jeep,2019,1450000,Petrol,Dealer,16.0 kmpl
2837,Maruti,2019,470000,Petrol,Dealer,21.63 kmpl
2856,Hyundai,2018,500000,Petrol,Individual,18.9 kmpl
2863,Maruti,2018,308000,Petrol,Individual,24.7 kmpl
2864,Hyundai,2019,570000,Petrol,Individual,18.9 kmpl
2868,Maruti,2018,680000,Petrol,Individual,21.21 kmpl
2881,Toyota,2018,2900000,Diesel,Individual,14.24 kmpl
2884,Hyundai,2018,650000,Diesel,Individual,24.0 kmpl
2893,Tata,2018,450000,Petrol,Individual,20.3 kmpl
2896,Hyundai,2019,960000,Diesel,Individual,24.0 kmpl
2909,Maruti,2018,750000,Diesel,Individual,24.3 kmpl
2910,Hyundai,2018,570000,Petrol,Individual,18.6 kmpl
2918,Mahindra,2018,1700000,Diesel,Individual,15.1 kmpl
2921,Ford,2018,640000,Diesel,Individual,25.83 kmpl
2924,Maruti,2018,580000,Diesel,Individual,23.4 kmpl
2926,Maruti,2019,660000,Petrol,Individual,21.4 kmpl
2930,Maruti,2019,509999,Petrol,Individual,21.21 kmpl
2934,Maruti,2018,375000,Petrol,Individual,23.95 kmpl
2935,Hyundai,2019,950000,Diesel,Individual,22.1 kmpl
2938,BMW,2020,7200000,Diesel,Individual,13.38 kmpl
2940,Maruti,2019,930000,Diesel,Individual,25.1 kmpl
2946,Tata,2018,409999,Petrol,Individual,23.84 kmpl
2947,Maruti,2019,980000,Diesel,Individual,24.3 kmpl
2949,Honda,2019,750000,Petrol,Individual,18.2 kmpl
2957,Hyundai,2018,580000,Petrol,Individual,18.9 kmpl
2963,Maruti,2020,654000,Petrol,Individual,21.21 kmpl
2964,Skoda,2019,835000,Petrol,Individual,14.84 kmpl
2966,Maruti,2019,600000,Petrol,Individual,21.21 kmpl
2968,Renault,2018,275000,Petrol,Individual,23.01 kmpl
2970,Mahindra,2018,1200000,Diesel,Individual,15.1 kmpl
2987,Maruti,2019,550000,Petrol,Individual,21.21 kmpl
2990,Tata,2019,409999,Petrol,Individual,23.84 kmpl
2991,Tata,2018,438999,Petrol,Individual,23.84 kmpl
3002,Renault,2019,310000,Petrol,Individual,25.17 kmpl
3014,Hyundai,2019,550000,Petrol,Individual,18.9 kmpl
3015,Hyundai,2019,420000,Petrol,Individual,20.3 kmpl
3023,Maruti,2018,700000,Diesel,Individual,28.4 kmpl
3036,Maruti,2018,740000,Diesel,Individual,28.4 kmpl
3037,Datsun,2018,300000,Petrol,Individual,22.5 kmpl
3049,Renault,2019,650000,Petrol,Individual,20.0 kmpl
3052,Maruti,2018,911999,Diesel,Individual,24.3 kmpl
3053,Maruti,2018,650000,Petrol,Individual,21.21 kmpl
3056,Hyundai,2019,1200000,Diesel,Individual,22.0 kmpl
3070,Hyundai,2019,693000,Petrol,Individual,18.6 kmpl
3076,Maruti,2018,560000,Petrol,Individual,22.0 kmpl
3079,Lexus,2019,5150000,Petrol,Dealer,22.37 kmpl
3082,Volvo,2019,3800000,Diesel,Individual,18.0 kmpl
3085,Maruti,2018,740000,Diesel,Dealer,27.39 kmpl
3088,Maruti,2019,650000,Petrol,Trustmark Dealer,22.0 kmpl
3090,Maruti,2018,600000,Petrol,Dealer,22.0 kmpl
3092,BMW,2019,5400000,Diesel,Dealer,16.78 kmpl
3093,BMW,2019,5500000,Diesel,Dealer,16.78 kmpl
3094,Honda,2019,779000,Petrol,Trustmark Dealer,19.0 kmpl
3096,Volvo,2018,2475000,Diesel,Dealer,16.8 kmpl
3100,Maruti,2018,740000,Diesel,Dealer,27.39 kmpl
3101,Maruti,2019,650000,Petrol,Trustmark Dealer,22.0 kmpl
3103,Maruti,2018,600000,Petrol,Dealer,22.0 kmpl
3112,Hyundai,2019,1150000,Petrol,Dealer,15.8 kmpl
3113,Hyundai,2018,650000,Petrol,Trustmark Dealer,18.6 kmpl
3115,Maruti,2018,698000,Diesel,Dealer,28.4 kmpl
3117,Maruti,2018,445000,Petrol,Dealer,20.52 kmpl
3118,Tata,2018,539000,Diesel,Individual,22.95 kmpl
3137,Toyota,2018,730000,Diesel,Individual,23.59 kmpl
3175,Maruti,2018,611000,Petrol,Dealer,19.1 kmpl
3179,Maruti,2018,490000,Petrol,Dealer,16.1 kmpl
3180,Tata,2020,500000,Petrol,Individual,17.57 kmpl
3181,Tata,2020,500000,Petrol,Individual,17.57 kmpl
3183,Ford,2019,675000,Petrol,Individual,19.4 kmpl
3184,Mahindra,2018,1350000,Diesel,Individual,16.0 kmpl
3185,Hyundai,2018,570000,Petrol,Individual,18.9 kmpl
3206,Hyundai,2019,630000,Petrol,Individual,18.6 kmpl
3215,Hyundai,2018,540000,Diesel,Individual,24.0 kmpl
3217,Hyundai,2018,1150000,Diesel,Individual,17.01 kmpl
3218,Maruti,2020,350000,Petrol,Individual,22.05 kmpl
3219,Hyundai,2019,690000,Petrol,Individual,18.6 kmpl
3223,Maruti,2019,650000,Petrol,Individual,21.21 kmpl
3225,Hyundai,2020,360000,Petrol,Individual,20.14 kmpl
3234,Maruti,2019,740000,Diesel,Individual,28.4 kmpl
3235,Honda,2019,690000,Petrol,Dealer,17.8 kmpl
3236,Audi,2018,3975000,Diesel,Dealer,17.01 kmpl
3237,Lexus,2019,5150000,Petrol,Dealer,22.37 kmpl
3240,Land,2019,4500000,Diesel,Dealer,12.83 kmpl
3241,BMW,2018,3790000,Diesel,Dealer,22.48 kmpl
3243,Skoda,2018,1864999,Petrol,Dealer,14.67 kmpl
3251,Volvo,2018,3400000,Diesel,Dealer,18.0 kmpl
3266,Hyundai,2018,780000,Diesel,Individual,22.54 kmpl
3279,Maruti,2019,750000,Petrol,Individual,11.96 kmpl
3284,Hyundai,2019,640000,Petrol,Individual,18.9 kmpl
3295,Mahindra,2019,1225000,Diesel,Individual,20.0 kmpl
3298,Mahindra,2018,1100000,Diesel,Individual,15.1 kmpl
3305,Maruti,2019,685000,Petrol,Individual,21.4 kmpl
3306,Maruti,2020,399000,Other,Individual,21.94 km/kg
3335,Tata,2018,450000,Petrol,Individual,20.3 kmpl
3336,Renault,2019,600000,Petrol,Individual,20.0 kmpl
3339,Tata,2018,790000,Petrol,Individual,17.0 kmpl
3350,Hyundai,2018,1000000,Diesel,Individual,22.0 kmpl
3355,Hyundai,2019,625000,Petrol,Dealer,18.9 kmpl
3356,Volkswagen,2018,560000,Petrol,Dealer,18.78 kmpl
3357,Mahindra,2018,1475000,Diesel,Dealer,15.1 kmpl
3377,Renault,2018,900000,Diesel,Individual,21.04 kmpl
3383,Maruti,2018,550000,Petrol,Individual,22.0 kmpl
3386,Maruti,2018,630000,Petrol,Individual,21.21 kmpl
3392,Tata,2019,1630000,Diesel,Individual,17.0 kmpl
3399,Maruti,2018,260000,Petrol,Individual,16.8 kmpl
3409,Lexus,2019,5150000,Petrol,Dealer,22.37 kmpl
3412,Volvo,2019,3800000,Diesel,Individual,18.0 kmpl
3415,Maruti,2018,740000,Diesel,Dealer,27.39 kmpl
3418,Maruti,2019,650000,Petrol,Trustmark Dealer,22.0 kmpl
3420,Maruti,2018,600000,Petrol,Dealer,22.0 kmpl
3422,BMW,2019,5400000,Diesel,Dealer,16.78 kmpl
3423,BMW,2019,5500000,Diesel,Dealer,16.78 kmpl
3424,Honda,2019,779000,Petrol,Trustmark Dealer,19.0 kmpl
3426,Volvo,2018,2475000,Diesel,Dealer,16.8 kmpl
3432,Tata,2018,775000,Diesel,Individual,22.95 kmpl
3438,Honda,2019,580000,Petrol,Individual,17.5 kmpl
3444,Honda,2018,1035000,Diesel,Individual,25.5 kmpl
3463,Ford,2018,900000,Diesel,Individual,23.0 kmpl
3474,Maruti,2018,875000,Diesel,Individual,25.47 kmpl
3491,Maruti,2018,310000,Petrol,Individual,24.7 kmpl
3497,Mahindra,2018,1000000,Diesel,Individual,15.4 kmpl
3499,Renault,2018,350000,Petrol,Individual,25.17 kmpl
3502,Hyundai,2019,625000,Petrol,Individual,18.6 kmpl
3505,Maruti,2018,700000,Diesel,Individual,28.4 kmpl
3517,Lexus,2019,5150000,Petrol,Dealer,22.37 kmpl
3520,Volvo,2019,3800000,Diesel,Individual,18.0 kmpl
3523,Maruti,2018,740000,Diesel,Dealer,27.39 kmpl
3526,Maruti,2019,650000,Petrol,Trustmark Dealer,22.0 kmpl
3528,Maruti,2018,600000,Petrol,Dealer,22.0 kmpl
3530,BMW,2019,5400000,Diesel,Dealer,16.78 kmpl
3531,BMW,2019,5500000,Diesel,Dealer,16.78 kmpl
3532,Honda,2019,779000,Petrol,Trustmark Dealer,19.0 kmpl
3534,Volvo,2018,2475000,Diesel,Dealer,16.8 kmpl
3537,Mahindra,2018,850000,Diesel,Individual,16.55 kmpl
3538,Maruti,2018,620000,Petrol,Individual,20.89 kmpl
3539,Maruti,2018,700000,Petrol,Individual,21.4 kmpl
3556,Hyundai,2018,1200000,Petrol,Individual,15.8 kmpl
3557,Maruti,2018,740000,Petrol,Individual,21.4 kmpl
3559,Maruti,2019,570000,Petrol,Individual,20.89 kmpl
3560,Maruti,2019,490000,Petrol,Individual,20.52 kmpl
3564,Mahindra,2018,850000,Diesel,Individual,16.55 kmpl
3565,Maruti,2018,620000,Petrol,Individual,20.89 kmpl
3568,Maruti,2018,700000,Petrol,Individual,21.4 kmpl
3585,Ford,2019,675000,Petrol,Dealer,18.16 kmpl
3586,Ford,2018,700000,Diesel,Dealer,23.8 kmpl
3587,Ford,2018,795000,Diesel,Dealer,23.8 kmpl
3589,Mahindra,2018,450000,Petrol,Individual,18.15 kmpl
3598,Maruti,2018,750000,Diesel,Individual,25.1 kmpl
3599,Datsun,2020,450000,Petrol,Individual,19.02 kmpl
3601,Hyundai,2019,650000,Petrol,Individual,17.19 kmpl
3602,Maruti,2018,1050000,Diesel,Individual,25.47 kmpl
3605,Mahindra,2019,1550000,Diesel,Individual,15.1 kmpl
3610,Renault,2019,320000,Petrol,Individual,25.17 kmpl
3611,Mahindra,2019,1650000,Diesel,Individual,15.1 kmpl
3615,Maruti,2018,310000,Petrol,Individual,24.7 kmpl
3616,Tata,2018,595000,Petrol,Individual,17.0 kmpl
3620,Maruti,2019,420000,Petrol,Individual,15.37 kmpl
3629,Tata,2018,550000,Petrol,Individual,20.3 kmpl
3630,Maruti,2019,630000,Diesel,Individual,28.4 kmpl
3631,Mahindra,2018,850000,Diesel,Individual,18.49 kmpl
3638,Maruti,2019,550000,Petrol,Individual,21.21 kmpl
3652,Renault,2019,220000,Petrol,Individual,23.01 kmpl
3653,Tata,2018,350000,Petrol,Individual,23.84 kmpl
3671,Maruti,2020,250999,Petrol,Individual,22.05 kmpl
3680,Maruti,2018,630000,Diesel,Individual,28.4 kmpl
3682,Mahindra,2018,400000,Diesel,Individual,23.5 kmpl
3684,Maruti,2018,764000,Petrol,Individual,20.73 kmpl
3685,Mahindra,2019,710000,Diesel,Individual,15.96 kmpl
3686,Tata,2018,1575000,Diesel,Individual,17.6 kmpl
3687,Force,2018,1050000,Diesel,Individual,17.0 kmpl
3688,Maruti,2019,1000000,Petrol,Individual,19.01 kmpl
3723,Honda,2018,635000,Petrol,Individual,17.8 kmpl
3725,Mahindra,2020,1500000,Diesel,Individual,16.36 kmpl
3727,Hyundai,2019,700000,Diesel,Individual,22.54 kmpl
3735,Hyundai,2019,550000,Petrol,Individual,18.9 kmpl
3739,Volkswagen,2019,800000,Diesel,Individual,21.66 kmpl
3750,Mahindra,2018,1500000,Diesel,Individual,16.36 kmpl
3766,Hyundai,2018,825000,Diesel,Dealer,22.54 kmpl
3777,Ford,2018,550000,Petrol,Individual,18.16 kmpl
3807,Hyundai,2019,567000,Petrol,Individual,18.9 kmpl
3833,Lexus,2019,5150000,Petrol,Dealer,22.37 kmpl
3836,Volvo,2019,3800000,Diesel,Individual,18.0 kmpl
3839,Maruti,2018,740000,Diesel,Dealer,27.39 kmpl
3842,Maruti,2019,650000,Petrol,Trustmark Dealer,22.0 kmpl
3844,Maruti,2018,600000,Petrol,Dealer,22.0 kmpl
3846,BMW,2019,5400000,Diesel,Dealer,16.78 kmpl
3847,BMW,2019,5500000,Diesel,Dealer,16.78 kmpl
3848,Honda,2019,779000,Petrol,Trustmark Dealer,19.0 kmpl
3850,Volvo,2018,2475000,Diesel,Dealer,16.8 kmpl
3866,Maruti,2019,860000,Diesel,Individual,24.3 kmpl
3875,Mahindra,2018,530000,Diesel,Individual,15.96 kmpl
3885,Hyundai,2018,380000,Petrol,Individual,21.1 kmpl
3886,Ford,2019,1145000,Diesel,Individual,23.0 kmpl
3906,Hyundai,2018,1150000,Diesel,Individual,22.0 kmpl
3917,Tata,2018,749000,Diesel,Individual,21.5 kmpl
3929,Tata,2020,500000,Petrol,Individual,17.57 kmpl
3932,Ford,2018,850000,Petrol,Individual,17.0 kmpl
3935,Maruti,2018,459999,Petrol,Individual,20.51 kmpl
3939,Tata,2018,750000,Petrol,Individual,17.0 kmpl
3953,Mahindra,2018,875000,Diesel,Individual,16.55 kmpl
3964,Mahindra,2019,1460000,Diesel,Individual,17.3 kmpl
3966,Datsun,2018,430000,Petrol,Individual,20.63 kmpl
3971,Maruti,2019,525000,Petrol,Individual,20.89 kmpl
3973,Maruti,2019,500000,Petrol,Individual,21.21 kmpl
3993,Ford,2018,750000,Diesel,Individual,23.0 kmpl
4000,Tata,2018,459999,Petrol,Individual,17.57 kmpl
4002,Maruti,2019,650000,Petrol,Individual,21.21 kmpl
4007,Hyundai,2019,590000,Petrol,Individual,18.6 kmpl
4012,Mahindra,2019,1000000,Petrol,Individual,17.0 kmpl
4064,Ford,2019,900000,Diesel,Individual,23.0 kmpl
4066,Honda,2018,900000,Diesel,Individual,25.5 kmpl
4072,Maruti,2018,630000,Petrol,Individual,21.21 kmpl
4081,Volkswagen,2018,600000,Diesel,Individual,21.66 kmpl
4084,Maruti,2018,795000,Petrol,Dealer,21.21 kmpl
4089,Toyota,2018,1400000,Petrol,Dealer,14.28 kmpl
4093,Toyota,2019,1925000,Diesel,Dealer,11.36 kmpl
4097,Kia,2020,1900000,Diesel,Dealer,17.8 kmpl
4100,Maruti,2018,750000,Petrol,Dealer,22.0 kmpl
4101,BMW,2018,6000000,Diesel,Dealer,17.09 kmpl
4109,Maruti,2018,509999,Petrol,Individual,20.51 kmpl
4119,Honda,2018,860000,Petrol,Individual,18.2 kmpl
4129,Tata,2018,480000,Petrol,Individual,23.84 kmpl
4136,Hyundai,2018,1405000,Petrol,Individual,15.8 kmpl
4147,Toyota,2019,800000,Petrol,Individual,19.56 kmpl
4152,Hyundai,2018,850000,Diesel,Individual,22.54 kmpl
4156,Hyundai,2018,1200000,Petrol,Individual,15.8 kmpl
4161,Hyundai,2018,1000000,Petrol,Individual,17.0 kmpl
4167,Hyundai,2019,458000,Petrol,Individual,20.3 kmpl
4168,Ford,2018,950000,Diesel,Individual,23.0 kmpl
4179,Mahindra,2018,1500000,Diesel,Individual,15.1 kmpl
4180,Mahindra,2018,1500000,Diesel,Individual,15.1 kmpl
4194,Ford,2018,925000,Diesel,Dealer,22.77 kmpl
4195,Mahindra,2019,1460000,Diesel,Individual,17.3 kmpl
4196,Isuzu,2019,2700000,Diesel,Individual,13.8 kmpl
4198,Ford,2019,975000,Diesel,Individual,23.0 kmpl
4199,Ford,2018,620000,Petrol,Individual,20.4 kmpl
4200,Nissan,2019,860000,Petrol,Dealer,14.23 kmpl
4201,Datsun,2018,430000,Petrol,Individual,20.63 kmpl
4202,Honda,2019,1227000,Petrol,Individual,18.0 kmpl
4204,Ford,2018,950000,Diesel,Individual,23.0 kmpl
4208,MG,2019,1700000,Petrol,Dealer,13.96 kmpl
4211,Maruti,2018,650000,Diesel,Individual,28.4 kmpl
4216,Lexus,2019,5150000,Petrol,Dealer,22.37 kmpl
4219,Volvo,2019,3800000,Diesel,Individual,18.0 kmpl
4222,Maruti,2018,740000,Diesel,Dealer,27.39 kmpl
4225,Maruti,2019,650000,Petrol,Trustmark Dealer,22.0 kmpl
4227,Maruti,2018,600000,Petrol,Dealer,22.0 kmpl
4229,BMW,2019,5400000,Diesel,Dealer,16.78 kmpl
4230,BMW,2019,5500000,Diesel,Dealer,16.78 kmpl
4231,Honda,2019,779000,Petrol,Trustmark Dealer,19.0 kmpl
4233,Volvo,2018,2475000,Diesel,Dealer,16.8 kmpl
4235,Lexus,2019,5150000,Petrol,Dealer,22.37 kmpl
4238,Volvo,2019,3800000,Diesel,Individual,18.0 kmpl
4241,Maruti,2018,740000,Diesel,Dealer,27.39 kmpl
4244,Maruti,2019,650000,Petrol,Trustmark Dealer,22.0 kmpl
4246,Maruti,2018,600000,Petrol,Dealer,22.0 kmpl
4248,BMW,2019,5400000,Diesel,Dealer,16.78 kmpl
4249,BMW,2019,5500000,Diesel,Dealer,16.78 kmpl
4250,Honda,2019,779000,Petrol,Trustmark Dealer,19.0 kmpl
4252,Volvo,2018,2475000,Diesel,Dealer,16.8 kmpl
4256,Lexus,2019,5150000,Petrol,Dealer,22.37 kmpl
4259,Volvo,2019,3800000,Diesel,Individual,18.0 kmpl
4262,Maruti,2018,740000,Diesel,Dealer,27.39 kmpl
4265,Maruti,2019,650000,Petrol,Trustmark Dealer,22.0 kmpl
4267,Maruti,2018,600000,Petrol,Dealer,22.0 kmpl
4269,BMW,2019,5400000,Diesel,Dealer,16.78 kmpl
4270,BMW,2019,5500000,Diesel,Dealer,16.78 kmpl
4271,Honda,2019,779000,Petrol,Trustmark Dealer,19.0 kmpl
4273,Volvo,2018,2475000,Diesel,Dealer,16.8 kmpl
4288,Maruti,2019,500000,Petrol,Individual,21.4 kmpl
4290,Tata,2019,600000,Petrol,Individual,20.3 kmpl
4295,Mahindra,2018,550000,Petrol,Individual,18.15 kmpl
4296,Renault,2018,950000,Diesel,Individual,19.6 kmpl
4311,Maruti,2018,310000,Petrol,Individual,24.7 kmpl
4316,Toyota,2019,700000,Petrol,Individual,23.87 kmpl
4321,Lexus,2019,5150000,Petrol,Dealer,22.37 kmpl
4324,Volvo,2019,3800000,Diesel,Individual,18.0 kmpl
4327,Maruti,2018,740000,Diesel,Dealer,27.39 kmpl
4330,Maruti,2019,650000,Petrol,Trustmark Dealer,22.0 kmpl
4332,Maruti,2018,600000,Petrol,Dealer,22.0 kmpl
4334,BMW,2019,5400000,Diesel,Dealer,16.78 kmpl
4335,BMW,2019,5500000,Diesel,Dealer,16.78 kmpl
4336,Honda,2019,779000,Petrol,Trustmark Dealer,19.0 kmpl
4338,Volvo,2018,2475000,Diesel,Dealer,16.8 kmpl
4346,Maruti,2018,650000,Diesel,Individual,28.4 kmpl
4363,Maruti,2018,475000,Petrol,Individual,21.63 kmpl
4367,Maruti,2019,750000,Petrol,Individual,21.21 kmpl
4376,Tata,2018,700000,Diesel,Individual,15.3 kmpl
4383,Volkswagen,2019,1350000,Diesel,Dealer,22.27 kmpl
4385,Renault,2018,535000,Petrol,Dealer,24.04 kmpl
4386,Renault,2018,500000,Petrol,Dealer,23.01 kmpl
4388,Tata,2018,250000,Petrol,Dealer,21.9 kmpl
4395,Isuzu,2019,2700000,Diesel,Individual,13.8 kmpl
4396,Ford,2018,950000,Diesel,Individual,23.0 kmpl
4397,Tata,2019,1140000,Diesel,Individual,21.5 kmpl
4400,Volkswagen,2020,808000,Petrol,Individual,18.24 kmpl
4415,Lexus,2019,5150000,Petrol,Dealer,22.37 kmpl
4418,Volvo,2019,3800000,Diesel,Individual,18.0 kmpl
4421,Maruti,2018,740000,Diesel,Dealer,27.39 kmpl
4424,Maruti,2019,650000,Petrol,Trustmark Dealer,22.0 kmpl
4426,Maruti,2018,600000,Petrol,Dealer,22.0 kmpl
4428,BMW,2019,5400000,Diesel,Dealer,16.78 kmpl
4429,BMW,2019,5500000,Diesel,Dealer,16.78 kmpl
4430,Honda,2019,779000,Petrol,Trustmark Dealer,19.0 kmpl
4432,Volvo,2018,2475000,Diesel,Dealer,16.8 kmpl
4443,Maruti,2018,810000,Diesel,Individual,25.1 kmpl
4444,Hyundai,2018,671000,Petrol,Individual,18.6 kmpl
4445,Maruti,2018,295000,Petrol,Individual,24.7 kmpl
4460,Datsun,2019,500000,Petrol,Individual,19.02 kmpl
4461,Hyundai,2018,565000,Petrol,Individual,20.3 kmpl
4462,Ford,2018,900000,Diesel,Individual,23.0 kmpl
4465,Maruti,2018,800000,Diesel,Individual,28.4 kmpl
4470,Maruti,2018,625000,Petrol,Individual,21.4 kmpl
4471,Hyundai,2018,799000,Diesel,Individual,22.54 kmpl
4477,Mahindra,2018,900000,Diesel,Individual,16.55 kmpl
4485,Maruti,2019,480000,Petrol,Individual,21.63 kmpl
4486,Maruti,2019,490000,Petrol,Individual,21.63 kmpl
4498,Ford,2019,975000,Diesel,Individual,23.0 kmpl
4499,Honda,2019,1227000,Petrol,Individual,18.0 kmpl
4505,Honda,2018,675000,Petrol,Dealer,18.7 kmpl
4509,Renault,2019,350000,Petrol,Individual,25.17 kmpl
4528,Toyota,2018,1080000,Petrol,Individual,17.8 kmpl
4534,Volkswagen,2018,678000,Petrol,Individual,18.78 kmpl
4543,Maruti,2019,892000,Diesel,Individual,24.3 kmpl
4552,Hyundai,2018,570000,Petrol,Individual,18.9 kmpl
4555,Maruti,2019,600000,Petrol,Individual,21.21 kmpl
4561,Honda,2019,1200000,Diesel,Individual,25.6 kmpl
4565,Toyota,2018,670000,Diesel,Individual,23.59 kmpl
4574,Mahindra,2018,750000,Diesel,Individual,21.03 kmpl
4584,Maruti,2018,1000000,Diesel,Individual,25.1 kmpl
4605,Hyundai,2018,350000,Petrol,Individual,20.3 kmpl
4620,Maruti,2019,694000,Diesel,Individual,28.4 kmpl
4640,Maruti,2018,675000,Diesel,Individual,28.4 kmpl
4647,Maruti,2019,1000000,Petrol,Individual,19.01 kmpl
4649,Maruti,2018,600000,Petrol,Individual,19.0 kmpl
4651,Force,2018,850000,Diesel,Individual,17.0 kmpl
4655,Maruti,2018,900000,Diesel,Individual,24.3 kmpl
4659,Hyundai,2019,509999,Petrol,Individual,20.3 kmpl
4671,BMW,2019,5200000,Diesel,Dealer,18.12 kmpl
4672,Volkswagen,2019,695000,Diesel,Dealer,20.14 kmpl
4673,Maruti,2018,690000,Diesel,Dealer,26.59 kmpl
4675,Tata,2020,1650000,Diesel,Dealer,17.0 kmpl
4678,Jeep,2019,2150000,Diesel,Dealer,16.3 kmpl
4682,Audi,2018,2900000,Diesel,Dealer,18.25 kmpl
4684,Maruti,2018,975000,Diesel,Dealer,28.09 kmpl
4688,Volkswagen,2018,650000,Diesel,Dealer,20.14 kmpl
4718,Renault,2019,786000,Petrol,Individual,20.0 kmpl
4723,Tata,2018,875000,Diesel,Individual,14.1 kmpl
4724,Tata,2018,890000,Diesel,Individual,14.1 kmpl
4727,Datsun,2018,400000,Petrol,Individual,19.83 kmpl
4737,Hyundai,2018,1000000,Diesel,Individual,22.0 kmpl
4740,Hyundai,2019,500000,Petrol,Individual,20.3 kmpl
4745,Hyundai,2019,625000,Petrol,Dealer,18.9 kmpl
4746,Volkswagen,2018,560000,Petrol,Dealer,18.78 kmpl
4747,Honda,2018,680000,Petrol,Dealer,18.7 kmpl
4748,Maruti,2019,700000,Diesel,Individual,28.4 kmpl
4753,BMW,2018,5500000,Diesel,Individual,17.09 kmpl
4755,Hyundai,2019,785000,Petrol,Dealer,18.6 kmpl
4763,Tata,2019,1650000,Diesel,Dealer,17.0 kmpl
4764,Mahindra,2018,890000,Diesel,Dealer,18.49 kmpl
4766,BMW,2018,6000000,Diesel,Dealer,17.09 kmpl
4767,Maruti,2019,1025000,Petrol,Dealer,20.28 kmpl
4776,Tata,2018,1300000,Diesel,Individual,17.6 kmpl
4777,Mahindra,2018,819999,Diesel,Individual,18.49 kmpl
4779,Renault,2018,260000,Petrol,Individual,23.01 kmpl
4783,Tata,2018,811000,Petrol,Dealer,17.0 kmpl
4785,Jeep,2018,1675000,Diesel,Individual,17.1 kmpl
4788,Mercedes-Benz,2018,2550000,Petrol,Dealer,15.04 kmpl
4793,Toyota,2019,894999,Petrol,Dealer,19.56 kmpl
4798,Tata,2018,1025000,Diesel,Dealer,21.5 kmpl
4808,Hyundai,2018,750000,Diesel,Individual,22.54 kmpl
4814,Honda,2019,1100000,Diesel,Individual,21.9 kmpl
4816,Lexus,2019,5150000,Petrol,Dealer,22.37 kmpl
4819,Volvo,2019,3800000,Diesel,Individual,18.0 kmpl
4822,Maruti,2018,740000,Diesel,Dealer,27.39 kmpl
4825,Maruti,2019,650000,Petrol,Trustmark Dealer,22.0 kmpl
4827,Maruti,2018,600000,Petrol,Dealer,22.0 kmpl
4829,BMW,2019,5400000,Diesel,Dealer,16.78 kmpl
4830,BMW,2019,5500000,Diesel,Dealer,16.78 kmpl
4831,Honda,2019,779000,Petrol,Trustmark Dealer,19.0 kmpl
4833,Volvo,2018,2475000,Diesel,Dealer,16.8 kmpl
4840,Ford,2018,950000,Diesel,Individual,23.0 kmpl
4842,Maruti,2020,350000,Petrol,Individual,22.05 kmpl
4851,Toyota,2018,2064000,Diesel,Individual,13.68 kmpl
4852,Maruti,2018,950000,Diesel,Individual,25.1 kmpl
4858,Honda,2018,750000,Petrol,Individual,18.1 kmpl
4865,Ford,2019,869999,Diesel,Individual,23.0 kmpl
4873,Maruti,2018,825000,Diesel,Individual,24.3 kmpl
4884,Maruti,2018,750000,Diesel,Individual,28.4 kmpl
4893,Maruti,2019,500000,Petrol,Individual,20.89 kmpl
4898,Ford,2019,950000,Diesel,Dealer,21.7 kmpl
4905,Maruti,2018,469000,Petrol,Individual,21.79 kmpl
4908,Ford,2019,906000,Diesel,Individual,23.0 kmpl
4913,Tata,2018,450000,Petrol,Dealer,23.84 kmpl
4921,Mahindra,2018,797000,Diesel,Individual,16.5 kmpl
4922,Hyundai,2019,800000,Petrol,Individual,18.6 kmpl
4923,Mahindra,2019,750000,Diesel,Individual,15.96 kmpl
4949,Maruti,2018,755000,Diesel,Dealer,28.4 kmpl
4950,Audi,2019,6223000,Petrol,Dealer,15.26 kmpl
4951,Audi,2019,5923000,Petrol,Dealer,15.26 kmpl
4952,Audi,2019,6523000,Petrol,Dealer,15.26 kmpl
4956,Maruti,2018,800000,Petrol,Individual,21.4 kmpl
4963,Tata,2018,450000,Petrol,Individual,20.3 kmpl
4964,Renault,2019,600000,Petrol,Individual,20.0 kmpl
4967,Tata,2018,790000,Petrol,Individual,17.0 kmpl
4983,Maruti,2019,675000,Diesel,Individual,28.4 kmpl
4986,Maruti,2019,500000,Petrol,Individual,20.89 kmpl
4993,Maruti,2018,750000,Petrol,Individual,21.1 kmpl
5003,Maruti,2019,600000,Petrol,Individual,21.4 kmpl
5004,Maruti,2020,810000,Diesel,Individual,24.3 kmpl
5006,Tata,2019,346000,Petrol,Individual,23.84 kmpl
5021,Maruti,2018,465000,Petrol,Individual,20.51 kmpl
5030,Maruti,2018,459999,Petrol,Individual,20.4 kmpl
5035,Maruti,2018,350000,Petrol,Individual,23.95 kmpl
5036,Mahindra,2019,1800000,Diesel,Individual,16.0 kmpl
5037,Maruti,2018,640000,Petrol,Individual,22.0 kmpl
5039,Tata,2018,600000,Petrol,Individual,17.0 kmpl
5041,Mahindra,2019,974000,Diesel,Individual,16.55 kmpl
5042,Maruti,2018,445000,Petrol,Individual,20.51 kmpl
5044,Hyundai,2020,1050000,Diesel,Individual,22.1 kmpl
5050,Maruti,2018,950000,Diesel,Individual,24.3 kmpl
5053,Maruti,2020,600000,Petrol,Individual,20.89 kmpl
5058,Hyundai,2018,340000,Petrol,Individual,20.3 kmpl
5063,Mahindra,2019,960000,Petrol,Individual,17.0 kmpl
5069,Volkswagen,2019,565000,Petrol,Individual,18.78 kmpl
5077,Jeep,2018,1757000,Diesel,Individual,17.1 kmpl
5079,Tata,2018,515000,Petrol,Individual,24.0 kmpl
5084,Lexus,2019,5150000,Petrol,Dealer,22.37 kmpl
5087,Volvo,2019,3800000,Diesel,Individual,18.0 kmpl
5090,Maruti,2018,740000,Diesel,Dealer,27.39 kmpl
5093,Maruti,2019,650000,Petrol,Trustmark Dealer,22.0 kmpl
5095,Maruti,2018,600000,Petrol,Dealer,22.0 kmpl
5097,BMW,2019,5400000,Diesel,Dealer,16.78 kmpl
5098,BMW,2019,5500000,Diesel,Dealer,16.78 kmpl
5099,Honda,2019,779000,Petrol,Trustmark Dealer,19.0 kmpl
5101,Volvo,2018,2475000,Diesel,Dealer,16.8 kmpl
5111,Tata,2018,550000,Petrol,Individual,20.3 kmpl
5129,Datsun,2018,450000,Petrol,Individual,20.62 kmpl
5131,Mahindra,2018,500000,Petrol,Individual,18.15 kmpl
5137,Maruti,2018,700000,Diesel,Individual,28.4 kmpl
5154,Volkswagen,2018,560000,Diesel,Individual,21.66 kmpl
5156,Mahindra,2018,1150000,Diesel,Individual,15.1 kmpl
5158,Ford,2019,960000,Diesel,Individual,23.0 kmpl
5167,Mahindra,2019,925000,Diesel,Individual,17.3 kmpl
5168,Ford,2018,590000,Petrol,Individual,18.16 kmpl
5174,Hyundai,2019,1200000,Diesel,Individual,22.0 kmpl
5180,Hyundai,2018,700000,Diesel,Individual,24.0 kmpl
5186,Renault,2018,320000,Petrol,Individual,23.01 kmpl
5195,Tata,2018,850000,Petrol,Individual,17.0 kmpl
5211,Mahindra,2019,1300000,Diesel,Individual,16.36 kmpl
5219,Maruti,2018,380000,Petrol,Individual,20.51 kmpl
5220,Maruti,2019,579000,Petrol,Individual,21.4 kmpl
5221,Mahindra,2019,400000,Petrol,Individual,18.15 kmpl
5225,Nissan,2018,850000,Diesel,Individual,19.87 kmpl
5233,Hyundai,2018,500000,Petrol,Individual,20.3 kmpl
5244,Honda,2019,690000,Petrol,Dealer,17.8 kmpl
5245,Audi,2018,3975000,Diesel,Dealer,17.01 kmpl
5246,Lexus,2019,5150000,Petrol,Dealer,22.37 kmpl
5252,BMW,2019,5400000,Diesel,Dealer,16.78 kmpl
5253,BMW,2019,5500000,Diesel,Dealer,16.78 kmpl
5254,Honda,2019,779000,Petrol,Trustmark Dealer,19.0 kmpl
5255,Volvo,2018,2475000,Diesel,Dealer,16.8 kmpl
5256,Mercedes-Benz,2019,5200000,Petrol,Dealer,15.0 kmpl
5257,Land,2019,4500000,Diesel,Dealer,12.83 kmpl
5259,BMW,2018,4000000,Diesel,Dealer,22.48 kmpl
5260,Hyundai,2019,1125000,Petrol,Dealer,18.15 kmpl
5264,Tata,2019,450000,Petrol,Individual,20.3 kmpl
5267,Maruti,2020,650000,Petrol,Individual,21.01 kmpl
5268,Maruti,2018,750000,Diesel,Individual,28.09 kmpl
5288,Ford,2018,650000,Diesel,Individual,25.83 kmpl
5292,Maruti,2019,754000,Diesel,Individual,28.4 kmpl
5295,Maruti,2018,725000,Diesel,Individual,28.4 kmpl
5297,Hyundai,2018,475000,Petrol,Individual,20.3 kmpl
5306,Renault,2018,900000,Petrol,Individual,14.99 kmpl
5309,Renault,2019,420000,Petrol,Individual,23.01 kmpl
5310,Honda,2019,670000,Petrol,Individual,19.5 kmpl
5313,Honda,2018,900000,Petrol,Individual,17.5 kmpl
5318,Mahindra,2018,1525000,Diesel,Individual,15.1 kmpl
5328,Mahindra,2018,750000,Diesel,Individual,16.5 kmpl
5332,Hyundai,2019,562000,Petrol,Individual,18.9 kmpl
5336,Maruti,2019,750000,Petrol,Individual,21.21 kmpl
5341,Datsun,2018,217000,Petrol,Individual,22.7 kmpl
5342,Nissan,2018,670000,Diesel,Individual,22.71 kmpl
5344,Maruti,2020,737000,Petrol,Individual,18.76 kmpl
5352,Maruti,2018,889000,Diesel,Individual,28.09 kmpl
5354,Renault,2018,390000,Petrol,Individual,25.17 kmpl
5357,Hyundai,2018,800000,Petrol,Individual,17.4 kmpl
5362,Renault,2018,400000,Petrol,Individual,24.04 kmpl
5372,Hyundai,2018,750000,Petrol,Individual,17.4 kmpl
5374,Maruti,2019,711000,Petrol,Individual,21.4 kmpl
5376,Maruti,2020,749000,Petrol,Individual,21.01 kmpl
5389,Tata,2019,670000,Diesel,Individual,27.28 kmpl
5423,Datsun,2018,320000,Petrol,Individual,22.5 kmpl
5430,Mahindra,2019,1450000,Diesel,Individual,17.3 kmpl
5431,Mahindra,2019,1200000,Diesel,Individual,20.0 kmpl
5432,Hyundai,2019,834000,Diesel,Individual,22.54 kmpl
5435,Maruti,2019,900000,Diesel,Individual,28.4 kmpl
5465,Tata,2018,450000,Diesel,Individual,27.28 kmpl
5480,Hyundai,2019,509999,Petrol,Individual,20.14 kmpl
5488,Maruti,2019,900000,Diesel,Individual,24.3 kmpl
5510,Ford,2019,1050000,Diesel,Dealer,23.0 kmpl
5511,Skoda,2018,3251000,Diesel,Dealer,16.25 kmpl
5513,Maruti,2018,730000,Petrol,Dealer,22.0 kmpl
5516,Mahindra,2019,1075000,Diesel,Dealer,17.3 kmpl
5522,Maruti,2018,875000,Diesel,Dealer,24.52 kmpl
5526,Mahindra,2018,800000,Diesel,Individual,18.49 kmpl
5543,Honda,2018,600000,Petrol,Individual,18.2 kmpl
5548,Maruti,2019,700000,Petrol,Individual,22.0 kmpl
5555,Maruti,2018,459999,Petrol,Individual,21.63 kmpl
5556,Hyundai,2018,800000,Diesel,Individual,22.54 kmpl
5560,Maruti,2018,671000,Diesel,Individual,28.4 kmpl
5566,Hyundai,2018,600000,Petrol,Individual,18.9 kmpl
5571,Hyundai,2018,1150000,Diesel,Individual,22.0 kmpl
5586,Ford,2018,900000,Diesel,Individual,23.0 kmpl
5603,Tata,2018,850000,Petrol,Individual,17.0 kmpl
5615,Lexus,2019,5150000,Petrol,Dealer,22.37 kmpl
5618,Volvo,2019,3800000,Diesel,Individual,18.0 kmpl
5621,Maruti,2018,740000,Diesel,Dealer,27.39 kmpl
5624,Maruti,2019,650000,Petrol,Trustmark Dealer,22.0 kmpl
5626,Maruti,2018,600000,Petrol,Dealer,22.0 kmpl
5628,BMW,2019,5400000,Diesel,Dealer,16.78 kmpl
5629,BMW,2019,5500000,Diesel,Dealer,16.78 kmpl
5630,Honda,2019,779000,Petrol,Trustmark Dealer,19.0 kmpl
5632,Volvo,2018,2475000,Diesel,Dealer,16.8 kmpl
5637,Maruti,2020,570000,Petrol,Individual,21.21 kmpl
5644,Honda,2019,580000,Petrol,Individual,17.5 kmpl
5646,Hyundai,2019,434999,Petrol,Dealer,20.3 kmpl
5647,Toyota,2018,3200000,Diesel,Individual,14.24 kmpl
5663,Hyundai,2018,530000,Diesel,Individual,25.4 kmpl
5672,Datsun,2018,475000,Petrol,Individual,20.62 kmpl
5675,Maruti,2018,300000,Petrol,Individual,24.7 kmpl
5684,Hyundai,2019,425000,Petrol,Individual,20.3 kmpl
5700,Maruti,2018,535000,Petrol,Individual,20.89 kmpl
5728,Volkswagen,2018,681000,Diesel,Individual,20.14 kmpl
5750,Maruti,2019,1050000,Diesel,Individual,25.47 kmpl
5756,Maruti,2019,1200000,Diesel,Individual,25.47 kmpl
5774,Toyota,2018,1938000,Diesel,Individual,13.68 kmpl
5777,Hyundai,2019,500000,Petrol,Individual,20.14 kmpl
5778,Honda,2018,585000,Petrol,Individual,17.8 kmpl
5782,Ford,2018,700000,Diesel,Individual,23.0 kmpl
5789,Maruti,2019,430000,Other,Individual,32.26 km/kg
5815,Maruti,2020,370000,Other,Individual,33.0 km/kg
5820,Renault,2018,395000,Petrol,Individual,23.01 kmpl
5825,Mahindra,2018,775000,Diesel,Individual,18.49 kmpl
5836,Isuzu,2019,1900000,Diesel,Individual,12.4 kmpl
5837,Tata,2020,537000,Petrol,Individual,17.0 kmpl
5838,Volkswagen,2019,585000,Petrol,Individual,18.78 kmpl
5841,Hyundai,2019,700000,Petrol,Individual,18.6 kmpl
5845,Renault,2018,360000,Petrol,Dealer,20.71 kmpl
5849,Maruti,2019,825000,Diesel,Individual,28.4 kmpl
5852,Maruti,2018,851000,Diesel,Individual,28.4 kmpl
5860,Ford,2019,675000,Petrol,Individual,19.4 kmpl
5864,Maruti,2020,925000,Diesel,Individual,24.3 kmpl
5874,Renault,2018,400000,Petrol,Individual,24.04 kmpl
5895,Maruti,2019,556000,Petrol,Individual,21.01 kmpl
5897,Mahindra,2018,1500000,Diesel,Individual,16.0 kmpl
5900,Mahindra,2020,679000,Diesel,Individual,0.0 kmpl
5927,Volkswagen,2019,550000,Petrol,Individual,19.44 kmpl
5936,Honda,2018,780000,Petrol,Individual,17.5 kmpl
5956,Maruti,2018,611000,Petrol,Dealer,19.1 kmpl
5960,Maruti,2018,490000,Petrol,Dealer,16.1 kmpl
5963,Hyundai,2018,1237000,Diesel,Individual,19.67 kmpl
5966,Maruti,2018,695000,Petrol,Individual,22.0 kmpl
5982,Maruti,2018,950000,Diesel,Individual,28.09 kmpl
5994,Honda,2018,834000,Diesel,Individual,25.5 kmpl
6023,Tata,2018,535000,Petrol,Individual,20.3 kmpl
6027,Hyundai,2019,667000,Petrol,Individual,18.6 kmpl
6041,Hyundai,2018,650000,Petrol,Individual,18.9 kmpl
6068,Maruti,2020,578000,Petrol,Individual,21.21 kmpl
6071,Mahindra,2018,890000,Diesel,Individual,16.5 kmpl
6073,Maruti,2018,420000,Petrol,Individual,20.51 kmpl
6075,Maruti,2018,270000,Petrol,Individual,24.7 kmpl
6076,Maruti,2018,700000,Petrol,Individual,22.0 kmpl
6078,Tata,2019,1250000,Diesel,Individual,17.6 kmpl
6080,Maruti,2018,700000,Diesel,Individual,28.4 kmpl
6084,Maruti,2018,830000,Petrol,Individual,21.4 kmpl
6087,Renault,2018,335000,Petrol,Individual,25.17 kmpl
6090,Hyundai,2020,524000,Petrol,Individual,20.14 kmpl
6102,Ford,2018,675000,Diesel,Individual,24.4 kmpl
6105,Maruti,2019,675000,Petrol,Individual,21.21 kmpl
6107,Mahindra,2019,1200000,Diesel,Individual,20.0 kmpl
6108,Volkswagen,2018,650000,Diesel,Dealer,20.14 kmpl
6109,Mahindra,2019,1090000,Petrol,Dealer,17.0 kmpl
6112,Hyundai,2018,780000,Diesel,Individual,22.54 kmpl
6114,Maruti,2018,610000,Petrol,Dealer,22.0 kmpl
6123,Renault,2019,675000,Petrol,Individual,20.0 kmpl
6133,Maruti,2018,480000,Petrol,Dealer,20.89 kmpl
6136,Ford,2019,700000,Petrol,Dealer,18.5 kmpl
6146,Honda,2018,949000,Petrol,Individual,17.4 kmpl
6147,Mahindra,2018,750000,Diesel,Individual,16.5 kmpl
6160,Hyundai,2018,470000,Diesel,Individual,25.4 kmpl
6162,Ford,2019,575000,Petrol,Individual,19.4 kmpl
6163,Datsun,2019,325000,Petrol,Individual,22.5 kmpl
6167,Lexus,2019,5150000,Petrol,Dealer,22.37 kmpl
6170,Volvo,2019,3800000,Diesel,Individual,18.0 kmpl
6173,Maruti,2018,740000,Diesel,Dealer,27.39 kmpl
6176,Maruti,2019,650000,Petrol,Trustmark Dealer,22.0 kmpl
6178,Maruti,2018,600000,Petrol,Dealer,22.0 kmpl
6180,BMW,2019,5400000,Diesel,Dealer,16.78 kmpl
6181,BMW,2019,5500000,Diesel,Dealer,16.78 kmpl
6182,Honda,2019,779000,Petrol,Trustmark Dealer,19.0 kmpl
6184,Volvo,2018,2475000,Diesel,Dealer,16.8 kmpl
6187,Maruti,2018,580000,Petrol,Individual,23.1 kmpl
6198,Datsun,2018,275000,Petrol,Individual,23.0 kmpl
6208,Renault,2019,390000,Petrol,Individual,23.01 kmpl
6212,Maruti,2019,890000,Diesel,Individual,24.3 kmpl
6213,Volvo,2019,3800000,Diesel,Individual,18.0 kmpl
6215,Toyota,2018,3200000,Diesel,Individual,15.04 kmpl
6220,Honda,2019,2000000,Petrol,Dealer,16.5 kmpl
6230,Maruti,2019,650000,Petrol,Individual,22.0 kmpl
6240,Maruti,2020,600000,Petrol,Individual,21.21 kmpl
6255,Tata,2018,1525000,Diesel,Individual,17.6 kmpl
6258,BMW,2018,5830000,Diesel,Individual,17.09 kmpl
6260,Hyundai,2018,665000,Diesel,Dealer,24.4 kmpl
6261,Hyundai,2019,721000,Petrol,Dealer,18.6 kmpl
6264,Mahindra,2019,975000,Diesel,Dealer,16.55 kmpl
6267,Hyundai,2019,685000,Petrol,Dealer,18.6 kmpl
6268,Maruti,2019,595000,Petrol,Dealer,21.21 kmpl
6269,Ford,2018,900000,Diesel,Dealer,23.0 kmpl
6270,Maruti,2018,950000,Diesel,Dealer,25.47 kmpl
6273,Hyundai,2018,700000,Petrol,Dealer,18.6 kmpl
6274,Maruti,2018,910000,Diesel,Dealer,24.3 kmpl
6275,Maruti,2018,751000,Diesel,Dealer,26.59 kmpl
6280,Maruti,2018,875000,Diesel,Dealer,24.3 kmpl
6282,Jeep,2019,1450000,Petrol,Dealer,16.0 kmpl
6284,Maruti,2019,925000,Diesel,Dealer,24.52 kmpl
6292,Maruti,2018,775000,Petrol,Dealer,16.02 kmpl
6298,Hyundai,2018,1050000,Diesel,Individual,21.38 kmpl
6308,Mahindra,2018,1500000,Diesel,Individual,16.0 kmpl
6314,Maruti,2018,385000,Petrol,Individual,23.1 kmpl
6317,Hyundai,2019,521000,Petrol,Individual,20.3 kmpl
6321,Hyundai,2018,540000,Petrol,Individual,18.9 kmpl
6327,Mahindra,2018,1400000,Diesel,Individual,16.0 kmpl
6340,Ford,2018,810000,Diesel,Individual,23.0 kmpl
6361,Mahindra,2018,400000,Diesel,Individual,23.5 kmpl
6364,Tata,2019,1700000,Diesel,Individual,17.0 kmpl
6365,Datsun,2019,590000,Petrol,Individual,19.72 kmpl
6369,Hyundai,2018,450000,Petrol,Individual,18.9 kmpl
6374,Maruti,2019,400000,Petrol,Individual,15.37 kmpl
6376,Maruti,2018,625000,Petrol,Individual,22.0 kmpl
6377,Hyundai,2019,700000,Petrol,Individual,17.19 kmpl
6379,Tata,2018,625000,Petrol,Individual,17.0 kmpl
6384,Tata,2019,620000,Petrol,Individual,17.57 kmpl
6400,Hyundai,2018,720000,Diesel,Individual,21.19 kmpl
6410,Hyundai,2019,700000,Petrol,Individual,18.6 kmpl
6415,Honda,2019,1000000,Diesel,Individual,25.5 kmpl
6422,Maruti,2020,265000,Petrol,Individual,21.79 kmpl
6423,Tata,2018,459999,Petrol,Individual,20.3 kmpl
6431,Skoda,2018,900000,Diesel,Individual,21.13 kmpl
6441,Volvo,2019,3800000,Diesel,Individual,18.0 kmpl
6456,Tata,2018,575000,Diesel,Individual,20.65 kmpl
6461,Hyundai,2018,299000,Petrol,Individual,21.1 kmpl
6470,Ford,2018,3200000,Diesel,Individual,10.91 kmpl
6471,Hyundai,2019,550000,Petrol,Individual,18.9 kmpl
6478,Hyundai,2019,585000,Petrol,Individual,17.4 kmpl
6482,Hyundai,2019,990000,Petrol,Individual,17.0 kmpl
6484,Tata,2018,650000,Petrol,Individual,17.0 kmpl
6485,Hyundai,2019,695000,Petrol,Individual,17.4 kmpl
6490,Maruti,2019,459999,Other,Individual,26.6 km/kg
6491,Tata,2018,860000,Diesel,Individual,21.5 kmpl
6492,Tata,2018,400000,Petrol,Individual,23.84 kmpl
6495,Ford,2018,850000,Diesel,Individual,23.0 kmpl
6500,Hyundai,2018,500000,Diesel,Individual,25.4 kmpl
6501,Honda,2018,700000,Diesel,Individual,27.4 kmpl
6513,Ford,2019,885000,Petrol,Individual,17.0 kmpl
6514,Mahindra,2020,550000,Diesel,Individual,25.32 kmpl
6515,Maruti,2018,800000,Diesel,Individual,28.4 kmpl
6519,Tata,2019,520000,Petrol,Individual,24.0 kmpl
6531,Hyundai,2018,700000,Petrol,Individual,17.4 kmpl
6541,Ford,2018,950000,Diesel,Dealer,22.77 kmpl
6556,Lexus,2019,5150000,Petrol,Dealer,22.37 kmpl
6561,Maruti,2018,740000,Diesel,Dealer,27.39 kmpl
6564,Maruti,2019,650000,Petrol,Trustmark Dealer,22.0 kmpl
6566,Maruti,2018,600000,Petrol,Dealer,22.0 kmpl
6568,BMW,2019,5400000,Diesel,Dealer,16.78 kmpl
6569,BMW,2019,5500000,Diesel,Dealer,16.78 kmpl
6570,Honda,2019,779000,Petrol,Trustmark Dealer,19.0 kmpl
6572,Volvo,2018,2475000,Diesel,Dealer,16.8 kmpl
6574,Lexus,2019,5150000,Petrol,Dealer,22.37 kmpl
6577,Volvo,2019,3800000,Diesel,Individual,18.0 kmpl
6580,Maruti,2018,740000,Diesel,Dealer,27.39 kmpl
6583,Maruti,2019,650000,Petrol,Trustmark Dealer,22.0 kmpl
6585,Maruti,2018,600000,Petrol,Dealer,22.0 kmpl
6587,BMW,2019,5400000,Diesel,Dealer,16.78 kmpl
6588,BMW,2019,5500000,Diesel,Dealer,16.78 kmpl
6589,Honda,2019,779000,Petrol,Trustmark Dealer,19.0 kmpl
6591,Volvo,2018,2475000,Diesel,Dealer,16.8 kmpl
6592,Maruti,2019,558000,Diesel,Individual,28.4 kmpl
6595,Hyundai,2019,500000,Petrol,Individual,20.3 kmpl
6602,Maruti,2018,825000,Diesel,Individual,28.09 kmpl
6618,Hyundai,2018,600000,Petrol,Individual,18.6 kmpl
6625,Tata,2018,400000,Petrol,Individual,23.84 kmpl
6629,Mahindra,2019,722000,Diesel,Individual,0.0 kmpl
6630,Tata,2020,500000,Petrol,Individual,23.84 kmpl
6632,Skoda,2018,950000,Diesel,Individual,21.13 kmpl
6634,Maruti,2018,780000,Diesel,Individual,28.4 kmpl
6635,Hyundai,2018,575000,Petrol,Individual,20.3 kmpl
6638,Toyota,2020,2300000,Diesel,Individual,13.68 kmpl
6654,Hyundai,2018,700000,Petrol,Individual,18.6 kmpl
6655,Maruti,2018,451999,Petrol,Individual,23.1 kmpl
6662,Hyundai,2018,655000,Petrol,Individual,18.6 kmpl
6663,Hyundai,2018,620000,Petrol,Individual,17.19 kmpl
6675,Hyundai,2018,610000,Petrol,Individual,18.9 kmpl
6677,Volkswagen,2020,260000,Diesel,Individual,20.14 kmpl
6682,Audi,2018,2200000,Diesel,Individual,15.17 kmpl
6684,Tata,2020,919999,Petrol,Individual,17.0 kmpl
6691,Lexus,2019,5150000,Petrol,Dealer,22.37 kmpl
6694,Volvo,2019,3800000,Diesel,Individual,18.0 kmpl
6697,Maruti,2018,740000,Diesel,Dealer,27.39 kmpl
6700,Maruti,2019,650000,Petrol,Trustmark Dealer,22.0 kmpl
6702,Maruti,2018,600000,Petrol,Dealer,22.0 kmpl
6704,BMW,2019,5400000,Diesel,Dealer,16.78 kmpl
6705,BMW,2019,5500000,Diesel,Dealer,16.78 kmpl
6706,Honda,2019,779000,Petrol,Trustmark Dealer,19.0 kmpl
6708,Volvo,2018,2475000,Diesel,Dealer,16.8 kmpl
6721,Jeep,2019,1850000,Diesel,Individual,17.1 kmpl
6724,Volkswagen,2018,650000,Diesel,Individual,21.73 kmpl
6729,Hyundai,2018,750000,Diesel,Individual,22.54 kmpl
6739,Mahindra,2019,1200000,Diesel,Individual,20.0 kmpl
6748,Maruti,2018,670000,Diesel,Individual,28.4 kmpl
6762,Mahindra,2018,630000,Diesel,Individual,16.5 kmpl
6763,Maruti,2020,600000,Petrol,Individual,21.21 kmpl
6774,Hyundai,2018,450000,Diesel,Individual,25.4 kmpl
6780,Maruti,2018,350000,Petrol,Individual,24.7 kmpl
6786,Maruti,2018,750000,Petrol,Individual,20.73 kmpl
6787,Hyundai,2018,350000,Petrol,Individual,21.1 kmpl
6788,Hyundai,2019,488999,Petrol,Individual,18.9 kmpl
6806,Maruti,2018,900000,Diesel,Individual,24.52 kmpl
6815,Volkswagen,2019,500000,Petrol,Individual,19.44 kmpl
6839,Ford,2019,950000,Diesel,Individual,23.0 kmpl
6840,Hyundai,2018,530000,Petrol,Individual,17.19 kmpl
6845,Renault,2019,325000,Petrol,Individual,25.17 kmpl
6851,Maruti,2018,720000,Diesel,Individual,28.4 kmpl
6855,Mahindra,2018,445000,Petrol,Individual,18.15 kmpl
6857,Ford,2018,372000,Diesel,Individual,25.83 kmpl
6864,Datsun,2018,310000,Petrol,Individual,22.5 kmpl
6867,Maruti,2019,350000,Petrol,Individual,23.95 kmpl
6868,Maruti,2020,360000,Petrol,Individual,22.05 kmpl
6873,Datsun,2018,300000,Petrol,Individual,22.5 kmpl
6888,Maruti,2018,950000,Diesel,Individual,24.3 kmpl
6894,Tata,2020,500000,Petrol,Individual,17.57 kmpl
6895,Mahindra,2018,1350000,Diesel,Individual,16.0 kmpl
6900,Jeep,2019,1520000,Petrol,Individual,16.0 kmpl
6906,Maruti,2018,350000,Petrol,Individual,23.95 kmpl
6922,Maruti,2019,610000,Petrol,Individual,21.21 kmpl
6952,Hyundai,2019,811000,Diesel,Individual,22.54 kmpl
6956,Hyundai,2018,700000,Petrol,Individual,18.6 kmpl
6960,Lexus,2019,5150000,Petrol,Dealer,22.37 kmpl
6963,Volvo,2019,3800000,Diesel,Individual,18.0 kmpl
6966,Maruti,2018,740000,Diesel,Dealer,27.39 kmpl
6969,Maruti,2019,650000,Petrol,Trustmark Dealer,22.0 kmpl
6971,Maruti,2018,600000,Petrol,Dealer,22.0 kmpl
6973,BMW,2019,5400000,Diesel,Dealer,16.78 kmpl
6974,BMW,2019,5500000,Diesel,Dealer,16.78 kmpl
6975,Honda,2019,779000,Petrol,Trustmark Dealer,19.0 kmpl
6977,Volvo,2018,2475000,Diesel,Dealer,16.8 kmpl
6979,Maruti,2018,899000,Diesel,Individual,25.1 kmpl
6980,Datsun,2019,459999,Petrol,Individual,19.83 kmpl
6989,Toyota,2018,1600000,Diesel,Individual,13.68 kmpl
6999,Toyota,2020,1500000,Petrol,Individual,10.75 kmpl
7004,Hyundai,2018,500000,Petrol,Individual,18.9 kmpl
7008,Datsun,2018,250000,Petrol,Individual,22.7 kmpl
7025,Honda,2018,800000,Diesel,Individual,25.5 kmpl
7030,Hyundai,2018,650000,Petrol,Individual,18.6 kmpl
7033,Hyundai,2019,550000,Petrol,Individual,20.14 kmpl
7034,Honda,2019,670000,Petrol,Individual,19.5 kmpl
7036,Ford,2018,950000,Diesel,Individual,23.0 kmpl
7040,Maruti,2018,375000,Other,Individual,21.94 km/kg
7043,Hyundai,2018,600000,Diesel,Individual,25.4 kmpl
7046,Hyundai,2019,420000,Petrol,Individual,20.3 kmpl
7052,Mahindra,2019,670000,Diesel,Individual,15.96 kmpl
7053,Tata,2019,530000,Petrol,Individual,20.3 kmpl
7069,Maruti,2020,700000,Petrol,Individual,23.26 kmpl
7071,Mahindra,2019,950000,Diesel,Individual,16.55 kmpl
7072,Volkswagen,2018,885000,Diesel,Individual,21.5 kmpl
7075,Volkswagen,2018,950000,Diesel,Individual,21.5 kmpl
7077,Audi,2018,3000000,Diesel,Individual,20.38 kmpl
7093,Maruti,2018,285000,Petrol,Individual,24.7 kmpl
7094,Hyundai,2019,990000,Diesel,Individual,22.1 kmpl
7107,Maruti,2018,800000,Diesel,Individual,24.3 kmpl
7124,Nissan,2018,840000,Diesel,Individual,19.87 kmpl
7128,Hyundai,2018,528000,Petrol,Individual,18.9 kmpl
7138,Maruti,2018,320000,Petrol,Individual,24.7 kmpl
7146,Honda,2018,675000,Diesel,Individual,25.8 kmpl
7155,Mahindra,2019,977000,Diesel,Individual,17.3 kmpl
7156,Maruti,2018,440000,Petrol,Individual,20.51 kmpl
7157,Maruti,2018,440000,Petrol,Individual,20.51 kmpl
7158,Hyundai,2018,655000,Petrol,Individual,18.6 kmpl
7160,Hyundai,2018,655000,Petrol,Individual,18.6 kmpl
7166,Maruti,2018,400000,Other,Individual,26.6 km/kg
7182,Datsun,2018,530000,Petrol,Individual,19.02 kmpl
7189,Hyundai,2018,1380000,Petrol,Individual,14.8 kmpl
7200,Mahindra,2018,420000,Diesel,Individual,25.32 kmpl
7220,Maruti,2019,675000,Petrol,Individual,21.21 kmpl
7222,Maruti,2018,950000,Diesel,Individual,25.1 kmpl
7233,Maruti,2018,740000,Petrol,Individual,21.4 kmpl
7234,Maruti,2019,570000,Petrol,Individual,20.89 kmpl
7240,Maruti,2019,780000,Petrol,Individual,21.1 kmpl
7251,Maruti,2018,472000,Petrol,Individual,20.51 kmpl
7254,Tata,2018,525000,Diesel,Individual,20.65 kmpl
7268,Mahindra,2018,700000,Diesel,Individual,18.49 kmpl
7279,Mahindra,2018,1051000,Diesel,Dealer,15.1 kmpl
7285,Honda,2018,650000,Diesel,Dealer,27.3 kmpl
7288,Mahindra,2019,1000000,Diesel,Dealer,17.3 kmpl
7299,Maruti,2018,685000,Diesel,Individual,28.4 kmpl
7300,Maruti,2018,509999,Diesel,Individual,28.4 kmpl
7305,Renault,2018,319000,Petrol,Individual,24.04 kmpl
7306,Honda,2019,640000,Petrol,Individual,19.5 kmpl
7316,Hyundai,2019,620000,Petrol,Individual,17.19 kmpl
7326,Honda,2020,2125000,Diesel,Dealer,26.8 kmpl
7327,BMW,2018,3350000,Diesel,Dealer,19.62 kmpl
7328,Honda,2019,840000,Petrol,Individual,18.2 kmpl
7331,Volkswagen,2018,1290000,Diesel,Dealer,22.15 kmpl
7332,Toyota,2018,1800000,Diesel,Dealer,11.36 kmpl
7333,Hyundai,2020,775000,Petrol,Dealer,20.7 kmpl
7335,Hyundai,2018,730000,Petrol,Dealer,17.4 kmpl
7339,Hyundai,2018,540000,Petrol,Dealer,20.3 kmpl
7341,Mercedes-Benz,2018,4600000,Diesel,Dealer,17.9 kmpl
7342,Force,2018,910000,Diesel,Dealer,17.0 kmpl
7344,BMW,2019,5800000,Diesel,Dealer,16.78 kmpl
7346,Mahindra,2018,650000,Diesel,Individual,14.95 kmpl
7352,Maruti,2019,690000,Diesel,Individual,28.4 kmpl
7366,Maruti,2018,545000,Petrol,Dealer,23.1 kmpl
7367,Maruti,2018,775000,Petrol,Dealer,21.4 kmpl
7369,Mahindra,2019,1450000,Diesel,Individual,17.3 kmpl
7370,Maruti,2018,790000,Diesel,Dealer,28.4 kmpl
7378,Maruti,2018,775000,Petrol,Dealer,21.01 kmpl
7392,Maruti,2018,550000,Diesel,Individual,28.4 kmpl
7394,Toyota,2018,665000,Diesel,Individual,23.59 kmpl
7401,Ford,2018,620000,Petrol,Individual,20.4 kmpl
7411,Maruti,2018,600000,Petrol,Individual,21.21 kmpl
7412,Toyota,2018,1650000,Diesel,Individual,13.68 kmpl
7414,Ford,2018,690000,Petrol,Individual,20.4 kmpl
7415,Hyundai,2018,710000,Petrol,Individual,18.6 kmpl
7416,Hyundai,2018,350000,Petrol,Individual,20.3 kmpl
7418,Renault,2019,700000,Petrol,Individual,20.0 kmpl
7429,Toyota,2018,780000,Diesel,Individual,23.59 kmpl
7430,Maruti,2020,445000,Petrol,Individual,21.21 kmpl
7431,Hyundai,2018,575000,Petrol,Individual,17.36 kmpl
7432,Maruti,2018,975000,Diesel,Individual,25.1 kmpl
7433,Tata,2019,450000,Petrol,Individual,23.84 kmpl
7449,Tata,2018,750000,Petrol,Individual,17.0 kmpl
7453,Hyundai,2019,466000,Petrol,Individual,20.3 kmpl
7456,Hyundai,2019,430000,Petrol,Individual,20.3 kmpl
7474,Maruti,2018,889000,Diesel,Individual,28.09 kmpl
7476,Renault,2018,390000,Petrol,Individual,25.17 kmpl
7479,Hyundai,2018,800000,Petrol,Individual,17.4 kmpl
7484,Renault,2018,400000,Petrol,Individual,24.04 kmpl
7490,Ford,2018,700000,Petrol,Individual,18.16 kmpl
7492,Hyundai,2020,500000,Petrol,Individual,20.3 kmpl
7500,Maruti,2019,802999,Diesel,Individual,28.4 kmpl
7505,Mahindra,2018,700000,Diesel,Individual,25.32 kmpl
7507,Volkswagen,2020,800000,Diesel,Individual,21.66 kmpl
7516,Volvo,2018,5500000,Diesel,Individual,11.2 kmpl
7519,Nissan,2019,1200000,Diesel,Individual,20.45 kmpl
7523,Honda,2019,1110000,Diesel,Individual,25.6 kmpl
7541,Hyundai,2018,730000,Petrol,Individual,18.6 kmpl
7543,Maruti,2019,330000,Other,Individual,33.44 km/kg
7544,Maruti,2019,366000,Petrol,Individual,23.95 kmpl
7545,Hyundai,2019,1149000,Petrol,Individual,17.0 kmpl
7550,Ford,2018,620000,Petrol,Individual,20.4 kmpl
7560,Maruti,2018,600000,Petrol,Individual,21.21 kmpl
7561,Toyota,2018,1650000,Diesel,Individual,13.68 kmpl
7563,Ford,2018,690000,Petrol,Individual,20.4 kmpl
7564,Hyundai,2018,710000,Petrol,Individual,18.6 kmpl
7565,Hyundai,2018,350000,Petrol,Individual,20.3 kmpl
7567,Renault,2019,700000,Petrol,Individual,20.0 kmpl
7578,Maruti,2018,730000,Diesel,Individual,28.4 kmpl
7586,Maruti,2020,600000,Petrol,Individual,20.89 kmpl
7588,Toyota,2018,780000,Diesel,Individual,23.59 kmpl
7589,Maruti,2020,445000,Petrol,Individual,21.21 kmpl
7590,Hyundai,2018,575000,Petrol,Individual,17.36 kmpl
7591,Maruti,2018,975000,Diesel,Individual,25.1 kmpl
7592,Tata,2019,450000,Petrol,Individual,23.84 kmpl
7596,BMW,2018,5830000,Diesel,Individual,17.09 kmpl
7602,Maruti,2018,765000,Diesel,Dealer,28.4 kmpl
7603,Maruti,2019,770000,Diesel,Individual,28.4 kmpl
7604,Renault,2018,350000,Petrol,Individual,25.17 kmpl
7607,Maruti,2018,990000,Diesel,Individual,25.1 kmpl
7608,Maruti,2019,800000,Diesel,Dealer,28.4 kmpl
7617,Renault,2019,300000,Petrol,Individual,23.01 kmpl
7621,Tata,2018,700000,Petrol,Individual,17.0 kmpl
7638,Tata,2018,540000,Diesel,Individual,27.28 kmpl
7643,Datsun,2018,280000,Petrol,Individual,22.7 kmpl
7646,Tata,2018,980000,Diesel,Individual,21.5 kmpl
7647,Tata,2018,969999,Diesel,Individual,21.5 kmpl
7654,Tata,2018,500000,Petrol,Individual,23.84 kmpl
7655,Mahindra,2019,1000000,Diesel,Individual,16.36 kmpl
7657,Maruti,2018,350000,Petrol,Individual,24.7 kmpl
7658,Tata,2018,950000,Diesel,Individual,21.5 kmpl
7661,Toyota,2020,3200000,Diesel,Individual,15.04 kmpl
7670,Tata,2018,500000,Petrol,Individual,23.84 kmpl
7699,Audi,2018,3975000,Diesel,Dealer,17.01 kmpl
7701,Lexus,2019,5150000,Petrol,Dealer,22.37 kmpl
7704,Mahindra,2018,900000,Diesel,Dealer,16.55 kmpl
7708,Honda,2019,779000,Petrol,Trustmark Dealer,19.0 kmpl
7709,BMW,2018,4000000,Diesel,Dealer,22.48 kmpl
7710,Mercedes-Benz,2019,5200000,Petrol,Dealer,15.0 kmpl
7711,Land,2019,4500000,Diesel,Dealer,12.83 kmpl
7715,Hyundai,2019,1125000,Petrol,Dealer,18.15 kmpl
7717,Mahindra,2019,740000,Diesel,Individual,16.5 kmpl
7718,Mahindra,2018,400000,Petrol,Individual,18.15 kmpl
7719,Maruti,2018,430000,Petrol,Individual,20.51 kmpl
7720,Mahindra,2019,1132000,Petrol,Individual,17.0 kmpl
7726,Renault,2018,350000,Petrol,Individual,25.17 kmpl
7738,Maruti,2018,390000,Petrol,Individual,23.95 kmpl
7744,Jeep,2019,2100000,Petrol,Individual,16.0 kmpl
7751,Hyundai,2019,1150000,Petrol,Trustmark Dealer,18.15 kmpl
7752,Maruti,2018,655000,Petrol,Dealer,22.0 kmpl
7753,Mahindra,2019,890000,Diesel,Dealer,18.06 kmpl
7754,Maruti,2018,525000,Petrol,Dealer,20.89 kmpl
7757,BMW,2019,5200000,Diesel,Dealer,18.12 kmpl
7758,Honda,2018,925000,Petrol,Dealer,17.8 kmpl
7760,Maruti,2018,745000,Diesel,Dealer,24.3 kmpl
7761,Maruti,2018,835000,Diesel,Dealer,24.3 kmpl
7762,Volkswagen,2019,695000,Diesel,Dealer,20.14 kmpl
7763,Maruti,2018,725000,Diesel,Dealer,24.3 kmpl
7771,Renault,2019,300000,Petrol,Individual,23.01 kmpl
7772,Hyundai,2018,1405000,Petrol,Individual,15.8 kmpl
7773,Maruti,2018,650000,Petrol,Individual,21.56 kmpl
7781,Mahindra,2018,900000,Diesel,Individual,16.55 kmpl
7787,Tata,2018,400000,Petrol,Individual,20.3 kmpl
7827,Hyundai,2018,551000,Petrol,Individual,18.9 kmpl
7831,Ford,2018,800000,Diesel,Dealer,22.7 kmpl
7843,Mahindra,2018,650000,Petrol,Individual,18.15 kmpl
7847,Maruti,2019,600000,Petrol,Individual,21.21 kmpl
7848,Renault,2019,290000,Petrol,Individual,25.17 kmpl
7854,Ford,2018,793000,Diesel,Individual,25.83 kmpl
7859,Lexus,2019,5150000,Petrol,Dealer,22.37 kmpl
7862,Volvo,2019,3800000,Diesel,Individual,18.0 kmpl
7865,Maruti,2018,740000,Diesel,Dealer,27.39 kmpl
7868,Maruti,2019,650000,Petrol,Trustmark Dealer,22.0 kmpl
7870,Maruti,2018,600000,Petrol,Dealer,22.0 kmpl
7872,BMW,2019,5400000,Diesel,Dealer,16.78 kmpl
7873,BMW,2019,5500000,Diesel,Dealer,16.78 kmpl
7874,Honda,2019,779000,Petrol,Trustmark Dealer,19.0 kmpl
7876,Volvo,2018,2475000,Diesel,Dealer,16.8 kmpl
7883,Ford,2018,925000,Diesel,Dealer,22.77 kmpl
7885,Maruti,2018,700000,Petrol,Individual,21.1 kmpl
7894,Tata,2019,650000,Petrol,Individual,20.3 kmpl
7909,Tata,2018,850000,Diesel,Individual,21.5 kmpl
7910,Maruti,2019,359000,Petrol,Individual,15.37 kmpl
7918,Ford,2018,990000,Diesel,Individual,23.0 kmpl
7922,Skoda,2018,2800000,Diesel,Individual,16.25 kmpl
7924,Maruti,2019,540000,Petrol,Individual,20.52 kmpl
7927,Ford,2018,690000,Petrol,Individual,19.0 kmpl
7929,Hyundai,2018,640000,Petrol,Individual,20.14 kmpl
7930,Volvo,2019,5500000,Diesel,Individual,18.0 kmpl
7936,Hyundai,2018,620000,Diesel,Individual,25.4 kmpl
7937,Maruti,2018,760000,Diesel,Individual,27.39 kmpl
7938,Hyundai,2018,1200000,Diesel,Individual,22.0 kmpl
7939,Maruti,2018,760000,Diesel,Individual,27.39 kmpl
7941,Tata,2019,500000,Petrol,Individual,23.84 kmpl
7946,Renault,2018,1050000,Diesel,Dealer,19.6 kmpl
7951,Hyundai,2018,1220000,Petrol,Individual,15.8 kmpl
7952,Maruti,2019,475000,Petrol,Individual,21.7 kmpl
7956,Maruti,2018,300000,Petrol,Individual,24.7 kmpl
7957,Honda,2018,1180000,Petrol,Individual,17.4 kmpl
7962,Ford,2019,530000,Petrol,Individual,18.16 kmpl
7963,Renault,2018,1265000,Diesel,Individual,20.37 kmpl
7964,Maruti,2019,1025000,Diesel,Individual,28.09 kmpl
7970,Renault,2018,1050000,Diesel,Dealer,19.6 kmpl
7975,Hyundai,2018,1220000,Petrol,Individual,15.8 kmpl
7976,Maruti,2019,475000,Petrol,Individual,21.7 kmpl
7980,Maruti,2018,300000,Petrol,Individual,24.7 kmpl
7981,Honda,2018,1180000,Petrol,Individual,17.4 kmpl
7986,Ford,2019,530000,Petrol,Individual,18.16 kmpl
7987,Renault,2018,1265000,Diesel,Individual,20.37 kmpl
7988,Maruti,2019,1025000,Diesel,Individual,28.09 kmpl
8005,Hyundai,2018,950000,Diesel,Individual,22.0 kmpl
8015,Maruti,2018,750000,Diesel,Individual,27.39 kmpl
8035,Maruti,2018,310000,Petrol,Individual,24.7 kmpl
8036,Maruti,2018,432000,Petrol,Individual,20.51 kmpl
8040,Hyundai,2018,680000,Diesel,Individual,25.4 kmpl
8059,Hyundai,2018,1175000,Petrol,Dealer,15.8 kmpl
8086,Maruti,2018,470000,Petrol,Individual,23.1 kmpl
8088,Maruti,2018,390000,Petrol,Individual,20.51 kmpl
8097,Ford,2018,880000,Diesel,Individual,23.0 kmpl
8100,Tata,2018,800000,Diesel,Individual,21.5 kmpl
8108,Kia,2019,1575000,Diesel,Individual,17.8 kmpl
8109,Ford,2018,750000,Diesel,Individual,24.4 kmpl
8112,Ford,2018,746000,Diesel,Individual,24.4 kmpl
